Name,Prices,Links
Keeley Superior Cricket Bat,$550.00,https://www.ebay.com/itm/Keeley-Superior-Cricket-Bat/124040353642?_trkparms=ispr%3D1&hash=item1ce161976a:g:7igAAOSw8SdeGAv2&amdata=enc%3AAQAFAAACYBaobrjLl8XobRIiIML1V4Imu%252Fn%252BzU5L90Z278x5ickkp2NA0WuhQytmt4dbStg00B6Lwr5rlP8GM9gqyXgZcQupuVaK9H9A93Jt%252FV2Z3s6MsmkwjJ1p5iea1Z9CxW%252FjGj0Lj7NM3rPIhp41gKmorRyfGrFpY9WL8ECgRw6DfYvG3L0elI7mxAGu1wxLS6jOlnuKrhU7t2fxPpHD10X%252FNxFp39OjfZZyzRWxwlYcN2oLxWm%252Fl6Be%252FDazK4PGS3HQX7RY%252FydVwS8sApTsd%252BrxrXM0kal49cdYBBrhtn4HDYp7z7EB1cfcqUs6j45z1XpC0jGouanC5vrOozJJHBlk8y71VIjiJ3h2ZQ1YioZm0pWjeSKMvXvwwFOi5c7XUkrSTAgEWHksOiQa7u6XcXXZnzlZDZddr441GG0KolEap8ajGhmGU%252B4XHxGkjcnwIKo%252BcgkEOdGoypdwysMot%252BZuCQxeK5iXs%252BLllYBVDfQjdIn7dpEVjdXmiBOfM2gCYN3W5uOr46G3EQ6DsZbI6tAB1LvD83b05d7%252FhdmuhgzZRyPxWcA4lLKDdWzzUAUOVWYJwUKvt14NBnj8TXVFGk5UIlnsWGgV6cv3pE69z2U0GNml%252FRbuJxbiwmb4EqGIK0q3y4jk7W1M2W2ZqYULv8a1uuWQ7ss5lNiP0rZ4MhNGR%252Bj2SGhBquyxKMQRKRkWbL3hPdSB6SWhzg0DvtGfKm8B%252FpnXzutSY6aEjLwhWORjL3eAl42ICYzKWWptHlnoLHcXKPMCRL%252BSfPolFVpQd8izpBoTOaMcb8ugXFpL1Yr2zqAw%7Ccksum%3A12404035364280cd335a80494827af6592d253bd8205%7Campid%3APL_CLK%7Cclp%3A2334524
CA Dragon Cricket Bat ,$450.00,https://www.ebay.com/itm/CA-Dragon-Cricket-Bat/124147325956?_trkparms=ispr%3D1&hash=item1ce7c1dc04:g:viUAAOSwbj9ejrBs&amdata=enc%3AAQAFAAACYBaobrjLl8XobRIiIML1V4Imu%252Fn%252BzU5L90Z278x5ickkp2NA0WuhQytmt4dbStg00OcPYl%252B9mrR%252F%252FiwfQvu91mgI%252BOp%252BYpHXcvN%252B4r7YZByi80AE0%252BDEfMiGX1YN8NPPCvO7ZPymF%252FplzuTY84cBxvAZcuJBmC3dkdAkDRBsGoe1J1VZi%252FJqAuiIvVTDu42DhazfyXcgGVcJ6ztyrxLGddxlIkiq7Ho18ts7ckPlECwN1bsaG%252FqwqsEXfjA1fdh522May9uG1%252FAhqpwoEWhWJmIVyUQMe7gtNtEplVvq%252F9oV%252BBoXx7Y5wRCUv7i6WpE%252FEDkB94Ngb47hA78ODpUUyfI%252FPAbnfzqxQnRJDtNs2JSNBKJ6v6tVhEWSR2%252BSw7IgrgOU6XrjeX%252BQ390m2ZQYiBze4JQxZqowifGnhIXUGEDxqhXE1BFz%252FGOjW2PpLNkFstK3%252Bd8G6FT4q4oS%252BQm%252B8c%252FavQmBDar6Vo%252FLwPf4IldfXXSaVcbdAi684xPl6C3BvVLHcqH%252B01VIj57wN5LHbAXXBZ43hjPmgjD2EkqGOIQMphfgUIo5j6ukPctthdb%252BY23lw9PxQ%252FZactw%252Bjp22IhICIilHlB5hmOXoh578IVUZKYzjmdv5KtVCxynXRLKGmx2dD1l5bawfRVY1bSafacxWsXS%252F05A98mNRFtaieCv%252FxkJ0vHgVUwZVQBKwz5x6CtfEfBTo8gUmBMEw1tVKQsZNTtHm3p%252FeaqJMIQwVxgUPRsb5zutU5tI%252BXdf3MivBrV%252FCtDyQTecEMA9dakjpbZpWKkhIDILrfAQE3Dn0iysA%7Ccksum%3A12414732595680cd335a80494827af6592d253bd8205%7Campid%3APL_CLK%7Cclp%3A2334524
SS TON Makers Finest Cricket Bat,$425.00,https://www.ebay.com/itm/SS-TON-Makers-Finest-Cricket-Bat/124155379666?_trkparms=ispr%3D1&hash=item1ce83cbfd2:g:aBYAAOSwYY1el7QO&amdata=enc%3AAQAFAAACYBaobrjLl8XobRIiIML1V4Imu%252Fn%252BzU5L90Z278x5ickkp2NA0WuhQytmt4dbStg00GJucxDL4kif8ibdiGAbgNLIncvayfLQ5IaeWJPhraSqP0u08lIEN5xwUknAxrv%252FKwxRRbzGgYGtNAKKL1Oqca7osHze%252Bju3eh8%252BysL9u6ZRcSyDQPRa%252BzNrdtSktZ3qLG5TFOVWi9%252F3qobwNtCIuAvLug9yHvoLKdhQTmSfQKp8Slm2au6nopB4KOWPNo%252FOetflI5mDRcairtLrKv7y5aP2gqgUs6RAL39NpsmmexMJuC7%252BhsJXshicBcPpQuWfe%252B2kdKJ50g656X%252FXnK1e5%252Bp%252Bbt619n3niA2kO6t3g5LEB%252F6NjOnhBoTHh9iHlmEg5LF374dgT8joLvMYT7t43IDEzSzj%252F6v4w4EKCfrVhrz0vkjSuT7jDhLX2BYsC4Qxcb98TOwoB1suqV67ftPUNrrC0a%252FWEEEvOsQe1p6Cse6v07icHC0qrsPwZWp3Yo6UHAxope%252FWQgAY0KqCqxkS4af4qMNB%252BEuTya2dPBOmmhApt0c%252BF7zVd6w%252FYXdRCdoDVue61%252FY7sqfV0bpvD25439YkYAZ%252BZsB7nMO8%252BcfBVBLxvNMIEx1VkOBWIpJhnMSji7RDfxr1nkfJcG%252FGIdHeNQzia8DZaQ%252Bg9m7n6h3L7N4AhqJ6XX8Bhp54JodTwZM6fnXERvp92XcN4rbeNVbV1FH47KkgMnVegE48NXws7SVo1jB3hpkWDcPyz%252BZ28fwf5kfOcoF1q775XVKK3pSurQXHhnkq4es6rTl6x0ggr%252FRj%7Ccksum%3A12415537966680cd335a80494827af6592d253bd8205%7Campid%3APL_CLK%7Cclp%3A2334524
Bellingham & Smith Fireblade Cricket Bat,$250.00,https://www.ebay.com/itm/Bellingham-Smith-Fireblade-Cricket-Bat/124173613022?_trkparms=ispr%3D1&hash=item1ce952f7de:g:az0AAOSwYWReGgTX&amdata=enc%3AAQAFAAACYBaobrjLl8XobRIiIML1V4Imu%252Fn%252BzU5L90Z278x5ickkp2NA0WuhQytmt4dbStg00Ow3M2hOMxRKiJjE2dIfqxrXQiv0VDgBZgD4OhSC%252Bjs7uy0mINMZALkKL94JA7K6X6Pq%252B87rqOmTruyYPB%252BsJitI22R0k5WhGlNZI5WWlROA%252FDow%252FGEv3SJDFS0hIbOTcaXe55CB9MROeYgfSVU0cFbC9AJshml8fR8ojbKOzR3MKMqEt3gKfxRCMuZD9AUNqUCI8WLfKaWfLgXX7VJs5qvbQOiPFglSqkvjyyoWLxrGgiU67SlDxpyQeGX%252FTyG96yE183g%252FJ5vEw7AS%252FjGf8KrpUEbecwWBIHIUzXhjkmUVZJD1wr5JOjPWJsD2k0BeusarEbE4KQRBQs3B4678NkpGUj6CttQlA9ACP8Ce7SPtnzJONHw0MdvMk0mVuzSOPzzj%252Bc6NaHlbmXRFQlLvCvasuUZmy9qyl5O6oIdvaKRKwZ%252B7f%252BOTgnrdfuTC5RSkJXwwi3c45z8CMDr%252FQoaAQe%252FgpSpbZbK7WQLUraYuYi3u54CctRKeVjsdZ1Wi3xNXlxCEViiEx13kYRIKW4S9Fu5qknHdFUShoWOxQmeUtt2b7630fOsEdswvrEUMGcd1jq0JUcOrIr5GPWQW8aDB%252FYNM1mQ%252FIIEEJiUjF5ziB7%252Fohf%252BZwNf%252FyRvQO8gcgQeNt8Bq4%252Bw183D%252FDfWkMD%252FsL30luWA1%252FKYPbuLOk%252FhC1dA5OT6TO9K08Lh0snalmJwx2KixvtZt%252BbKYDjl2g6n%252F%252F0vSriAMImDlAavwykh%252Bd69a%7Ccksum%3A12417361302280cd335a80494827af6592d253bd8205%7Campid%3APL_CLK%7Cclp%3A2334524
Gray Nicolls Powerbow6X Players English Willow Cricket Bat,$290.00,https://www.ebay.com/itm/Gray-Nicolls-Powerbow6X-Players-English-Willow-Cricket-Bat/273917543377?hash=item3fc6c203d1:g:GbIAAOSwoCtdH6RB
Bellingham & Smith Scorch Cricket Bat,$250.00,https://www.ebay.com/itm/Bellingham-Smith-Scorch-Cricket-Bat/124082620099?_trkparms=ispr%3D1&hash=item1ce3e686c3:g:9S0AAOSw5T9eRaLi&amdata=enc%3AAQAFAAACYBaobrjLl8XobRIiIML1V4Imu%252Fn%252BzU5L90Z278x5ickkp2NA0WuhQytmt4dbStg00MIRbBxoB9QxQaOTgJBeimsJYgbxV%252Fh3jvVYvgok3Zhx30h6tDRHyIdBgQxFTNXYegdwh0RO5W%252B4fruaIBaeoDW8PblSifafApVviU%252BSUP85Os68wHnURJWjGuQvx1doISBH5SRE85pqO%252FIJBgFqcRdycho0WIx%252BcytY6jEDudqq%252F4yJ1YY7qSRmwG3A6DwdUDuc81FlLAEYE0rPV7yHY6H0rWrEgSVyoGdQqzl%252F7M4NCnCzRbkVKM%252BdFb2oVFDYYr297IL3lMkl0iAyktk25Sr93OPl13XK5InP9GnUdU4351bxDL6n9MHd4hdmX93lWKw4oKy%252FiEu3%252FTy2pqnJzNuFMx76X%252FMOWzvkBDMij1AImWt6AywddsV854qI6Kp%252Bkr%252BkIogUOTcR88UauFQvukRuvSFsZ5uv1ZLGMegMRYIvMujpXQSXMgbjHEKiDVu9fPwKFrkGzwoLpXu%252FuS457AbIFp6hbY5nOHdiaamSlT2uUl4tABFKZC5SOKXoxS%252Bai7QCnHAVQqKZ2xmSOFH5HJY7irrkFFBwmIXcOIcdK%252FN1m%252BRCK6RbkFawtuPHWGHyZ9%252BRkE1df1cnjKMS4tB1X6s8sKRISDgodhmlsCUgWuQZI3qkgvBZ7bs2D99fP6yLnMbwF2k%252BmzjNVLOFW6CgYbM6QL5vkJxoxBRvpWarAwh1V%252Fv5TC%252BISBOVUCGeLn0P2FPdE3%252F%252Fj1L1%252Bty5cJvBE12cowircUMDbkgvBMWW8WWR%7Ccksum%3A12408262009980cd335a80494827af6592d253bd8205%7Campid%3APL_CLK%7Cclp%3A2334524
CA 15000 PLAYER EDITION MODEL Grade 1 Cricket bats,$325.00,https://www.ebay.com/itm/CA-15000-PLAYER-EDITION-MODEL-Grade-1-Cricket-bats/363073579680?hash=item5488df2aa0:g:0xkAAOSwcNJfMytn
DSC Bravado Swank Cricket Bat,$300.00,https://www.ebay.com/itm/DSC-Bravado-Swank-Cricket-Bat/124247539417?hash=item1cedbafed9:g:xlcAAOSwglBfAN8y
Gray Nicolls Black 1877 Cricket Bat - Made in Australia ,$300.00,https://www.ebay.com/itm/Gray-Nicolls-Black-1877-Cricket-Bat-Made-in-Australia/124358682958?hash=item1cf45ae94e:g:xL0AAOSwHbleObRH
DSC Bravado Swag Cricket Bat,$300.00,https://www.ebay.com/itm/DSC-Bravado-Swag-Cricket-Bat/124247540314?hash=item1cedbb025a:g:n6gAAOSww0hfAN-T
Custom Unbranded Cricket Bat - Grade 1 English Willow ,$200.00,https://www.ebay.com/itm/Custom-Unbranded-Cricket-Bat-Grade-1-English-Willow/124279544294?hash=item1cefa359e6:g:F00AAOSwmdteGPii
Blank Bats B4 Cricket Bat,$450.00,https://www.ebay.com/itm/Blank-Bats-B4-Cricket-Bat/124253037431?hash=item1cee0ee377:g:xEoAAOSwXsJfBmZl
DSC Condor Flite Cricket Bat,$250.00,https://www.ebay.com/itm/DSC-Condor-Flite-Cricket-Bat/124248293917?hash=item1cedc6821d:g:sEQAAOSwq1leFs5T
Blank Bats B4 Cricket Bat,$450.00,https://www.ebay.com/itm/Blank-Bats-B4-Cricket-Bat/124303398138?hash=item1cf10f54fa:g:d8oAAOSw-qBfBmYO
Kippax Colossus Player Edition Cricket Bat ,$400.00,https://www.ebay.com/itm/Kippax-Colossus-Player-Edition-Cricket-Bat/124078915000?_trkparms=ispr%3D1&hash=item1ce3adfdb8:g:NTsAAOSw1y1eQZjD&amdata=enc%3AAQAFAAACYBaobrjLl8XobRIiIML1V4Imu%252Fn%252BzU5L90Z278x5ickkp2NA0WuhQytmt4dbStg00Ek6Z8yxmCI4ztRqjitR2uzG3NI%252FbjSJp59YZ%252B30yYLQ%252F1bPJFXoufsLPAn8QYdcThetRWxIOKnuqU%252F57ahEyJiaWc9OjozdQoMYiz03vh413BgJFWz%252BH%252Fn0CVvrjx16gsSAlRpiDzAaZrsj5roGujSTjSzTKMMC7tPHbuZQvYjvONr23fAvl9soelcrF8wd8gFquWf84NRS04DCeZQkR2GvNb2qo9aqyOUpwhSWMAJmD3X1ObrscdbH3x8XPi8j0H63Otzb22gb9FM40t5xcciVvttDjuEikkD63UIE9gkT1CsMJ3xGPxuO8i0XEMzyb88aTJ0ngMnEYpo3bGJb1mwOGabgQt%252Buv7t1w9BABcfc0ZkbSzQL4HrxTiW5GAxVKzEwROBuoxk5Sq6NjafpfuXEaVGr9hxLvk3%252BJbLimglgBfwJpdRR0ozJPQFA5ridoP0hbJgLNk0oiJ6bJvfIx5S4BGFOVZ5%252BwRz2Eobo7otjEm6jNDMvKnucXWS53VTI04vXZAmQUqMblvJd%252FFJUmtqW%252FjqnwxvfFJ0WLMFcoqDCwmhu2qehFzcUN6TMTP5kgsoIOHo5fPFVvfwrQpyE0jSCTufkog4V9jAI%252FDQcqbtQiuEMzXoA2DBPSzJ6ztqpUN%252FcFGVDVeB0Wx344pmPC3uLoKEJi1Jfdl2G%252F%252BTgVq0d70nToY6dcykp1g0pGAYHhjtTDQMvKpPD0KXjt7nQ8fIjZ2S4wMT9KoXEZb1VGiyQ%7Ccksum%3A12407891500080cd335a80494827af6592d253bd8205%7Campid%3APL_CLK%7Cclp%3A2334524
CA Dragon Cricket Bat ,$450.00,https://www.ebay.com/itm/CA-Dragon-Cricket-Bat/124147324894?_trkparms=ispr%3D1&hash=item1ce7c1d7de:g:fPgAAOSwD3dejq-8&amdata=enc%3AAQAFAAACYBaobrjLl8XobRIiIML1V4Imu%252Fn%252BzU5L90Z278x5ickkp2NA0WuhQytmt4dbStg00Bfwtzkv4xba1bX8%252FtnNFkNjRb8gTiu4np6NQUit4wl0W%252FdM5OPiFLaQCZaFtqXujXLo46B8f5b99rEGVYoQg8KinPwWpSHBQYS9oCR4U3cNPVrEPYqWsxXocz2EUx7ZlRxbyYTYfMYIQ4V7DvEYFPpdUSFPCxdilLhac4zdpoPz8PFXoYTKiSFVBMwGY0yoCJdP8H8eGsLFnuE755BR65y0jdmBE6%252FzpyZkrcrT%252FR5FiedXlCAhpXaA0%252Bfr7R%252FXs8CskY0%252B%252FmlpFlmpZo66PHYfCXGbyPoQ56hHIC%252BSmF2qtodwOl5iQQVHPTxvCS%252BxOidzmAEEnGdIXEu9FAlbnhEZ8iozFkQMBzorfPibYNqhM4LWj1XxXK%252FR1sT078ZcOQPMhXpjPa17LK9PJUAXgzOjY4C36%252FmvlRMe3sVKwu9s5pay%252FZeA8C1i1MGoxbPb%252BKcGLbSwff2ZHguuBDMQ9Pzi3badna7Kh9qU%252FBxYzLDJy9T0jgkskt4amz%252Fd6uBEFwk1CatdoxIwtEtwVTafukSYJIsmk603XQxocIvkBbJiZ7N%252BeMfPDD3OkjWDX7WScqAM4B4AOPA6EutMZ7fhXKeLOLzD%252FmBq3au0NP6pvuGs9G0KjACc0mDPwxcgqk1%252Fx6LvejaI43ywbehyTHrNFHdZvoUtCszqJREHFkD%252BSYtLu5tunsTrjBl4x5zB3VbX9qBnsrBH49lbzNYCD476Rw2%252BYgNGIirJcRb8u%252FUDV3HQ%7Ccksum%3A12414732489480cd335a80494827af6592d253bd8205%7Campid%3APL_CLK%7Cclp%3A2334524
CA 15000 Cricket Bat,$450.00,https://www.ebay.com/itm/CA-15000-Cricket-Bat/124253050934?_trkparms=ispr%3D1&hash=item1cee0f1836:g:tn8AAOSwic5fBmoL&amdata=enc%3AAQAFAAACYBaobrjLl8XobRIiIML1V4Imu%252Fn%252BzU5L90Z278x5ickkp2NA0WuhQytmt4dbStg00K9W81M0U5jxy9%252BFKqyL8I0D7xgP2n2BI6VqVRDKC1%252B7FRFzry4%252F%252FrQF3YBcrGBz3%252FXmqNxaP18WF0Dh8XqyZulc6uQSKuYsh%252BwbIQqQIHzlSVZFPEGbVutPKFUaLPud5osUR%252FDblgL2JZhEnrZDftWFqXLLAa42rHGlfYAiksUFH5cPmQhWvSZ8gBZjMNdTNEdo5rTA8sPHGS7oPfIM%252FqeEj2N368CKL6IxCLQ05xmz4%252B6JfGnvBnybQM%252BBaEQBPX7ChCZ1nyKSI4sAsy8ZSW0Oirr2EGdCod2fMKfYCME%252FLR6k8wlYfRBt0b0oCmuaZMTb7qafw0DBEEx3xKa%252FV7caaj8dlIDBkKd0EEhUIcHFMQkL%252BmPQJJCDVS9qrnnroUTi0bzyVHt1yKNdS4A6Uj20Nos5fWU2EoYtXjepMO8%252F%252Bv9B9Iq8ZyWQHpLrflYodDyayIBLdm4ow8UZBYEHosznKo4gOzKj7wwY56TSRH1u9hEdLBR%252Fr65zlqBgmbQYGux4DdjLM6Edm0HDpn2BV%252BXxAItKXHP06xvvym5vvxg4MQaVj6g%252Fr3dT5EegJy4vj2c%252F7%252BLJyo4XACkUGNYLrFwNik4%252BQxivQg06UPOXeNryqkDiEkm7Jd5wuSsoSJqfZxWy4N3ZsVls89lxpVywzxihk9n3M6Rt%252Fi5caPAzhUzUA9zK8oh7znYb1dMkK9W6RP8sS%252BDLp0SBgjG%252FyHvdhpyWuZsGhhC%252BSqOuEE%252BXp7NC%7Ccksum%3A12425305093480cd335a80494827af6592d253bd8205%7Campid%3APL_CLK%7Cclp%3A2334524
SG Players Edition - Pro issue cricket bat,$425.00,https://www.ebay.com/itm/SG-Players-Edition-Pro-issue-cricket-bat/124041412131?_trkparms=ispr%3D1&hash=item1ce171be23:g:qpcAAOSwnd9eGQYd&amdata=enc%3AAQAFAAACYBaobrjLl8XobRIiIML1V4Imu%252Fn%252BzU5L90Z278x5ickkp2NA0WuhQytmt4dbStg00IunHvrjdbSx8%252F%252BzPFji1qiUjTFOQdbsJImN5mrJIozhwPjFoNhuCSxNhB2XH9CGoQZSE4jdp5KWLcZLXYFVR%252FPAjDI%252FWiBIydQrFGE05hbad5SlIfpnShcAHfzKxdLwRLVJHWQgf2hUXVM0s%252F4nW3HlUUZ%252FvaZRv%252Fw2jz%252Bo7TGzxamEDyQNbPtLJ6BuRdGO%252BAZB9cKRHVQno8BruiI7D87yY6cReTBF26kjW6lpBdHXk6Bs8Szr4W79%252FKusFdQ1C967tQ%252FUEbtUUb1TEvCICXIWA10rb7ZrcqvPqB1VrSkLPSbEKfpq12Mb71eNv3C0dhR8zITYjo4w2rWl%252FR%252FTFk38atljZ6ekYh93%252Ftfn6MmseD6vVgg49ufhTXY%252Fu7DVu1wVlPffqN7qBsDZXXriy1%252FD3tzUTUPnB6Fr6XC6tuoOy%252FVTtAWiR2ySHfPzG7q9Yt%252F%252F%252BGbCM8wLEtJp5yPr67dP5%252FApx0ALchuEc7qzCj%252FjzQuWVZzgswkRDGLpr750hWHdwey4QMdXuV1OoUubuaR%252Fkmz5Kb%252FgSAi%252Byov5Ufxt1uhqSVz6Lw5VEC%252Fb7F8iBeFcZXGsqiXsdsiBp7EK1Y2ez%252FR9WduF%252F%252BsU6plTrGWPS%252F3K66Ap3ikqyjB9JrWozGyll3%252BfzDhKfbkbNXF7toGzH1zbbOGrCeMQw9CbQH9U0myiJMgBmM6mGDf2dutltPxc7w6%252FNX2yal7mkPcm1Ll4gYV5gkLMfoM5Sqpd%252FtWT%7Ccksum%3A12404141213180cd335a80494827af6592d253bd8205%7Campid%3APL_CLK%7Cclp%3A2334524
Millichamp And Hall Solution LE Grade1 Cricket Bat,$350.00,https://www.ebay.com/itm/Millichamp-And-Hall-Solution-LE-Grade1-Cricket-Bat/143381896416?hash=item21623a1ce0:g:~j8AAOSwsVhde9sv
TRQSONS English Willow Cricket Hardball Bat 9+Grain,$120.00,https://www.ebay.com/itm/TRQSONS-English-Willow-Cricket-Hardball-Bat-9-Grain/124326131632?hash=item1cf26a37b0:g:9d8AAOSwbp9fU87q
Gunn & Moore Mythos Travis Head Player Edition Cricket Bat ,$650.00,https://www.ebay.com/itm/Gunn-Moore-Mythos-Travis-Head-Player-Edition-Cricket-Bat/124304145108?hash=item1cf11abad4:g:RawAAOSwLEdfPIKc
IHSAN ORIGINAL X-PRO ENGLISH WILLOW CRICKET BAT,$349.99,https://www.ebay.com/itm/IHSAN-ORIGINAL-X-PRO-ENGLISH-WILLOW-CRICKET-BAT/283227273598?hash=item41f1a9397e:g:8TcAAOSws29b0VnK
B3 Custom 3-Stripe Cricket Bat,$350.00,https://www.ebay.com/itm/B3-Custom-3-Stripe-Cricket-Bat/124039159236?hash=item1ce14f5dc4:g:QUoAAOSwkiVeFsi0
B3 3-Stripe Bespoke Cricket Bat,$350.00,https://www.ebay.com/itm/B3-3-Stripe-Bespoke-Cricket-Bat/124230865522?hash=item1cecbc9272:g:wfUAAOSwxcteFsc-
NEW BALANCE TC 560 ENGLISH WILLOW CRICKET BAT,$125.00,https://www.ebay.com/itm/NEW-BALANCE-TC-560-ENGLISH-WILLOW-CRICKET-BAT/254472725935?hash=item3b3fc1a5af:g:-oIAAOSwYA5eEhqJ
SPARTAN CHRIS GAYLE FORCE ENGLISH WILLOW CRICKET BAT ,$229.00,https://www.ebay.com/itm/SPARTAN-CHRIS-GAYLE-FORCE-ENGLISH-WILLOW-CRICKET-BAT/222548920878?hash=item33d0f30a2e:g:kb0AAOSwceNZRMRv
GN Legend Cricket Bat Semi Oval Handel (Used Bat ),$299.99,https://www.ebay.com/itm/GN-Legend-Cricket-Bat-Semi-Oval-Handel-Used-Bat/284046671620?hash=item4222803f04:g:dY0AAOSweupfZeD8
Blank Bats B4 Cricket Bat - Refurbished with different bat stickers - USED. ,$250.00,https://www.ebay.com/itm/Blank-Bats-B4-Cricket-Bat-Refurbished-with-different-bat-stickers-USED/124247535666?hash=item1cedbaf032:g:dj8AAOSw2aFfAN4~
BAS Player Edition Cricket Bat ,$500.00,https://www.ebay.com/itm/BAS-Player-Edition-Cricket-Bat/124267050903?hash=item1ceee4b797:g:5loAAOSwNItfBmKl
Gray Nicolls David Warner Kaboom Test Cricket Bat ,$300.00,https://www.ebay.com/itm/Gray-Nicolls-David-Warner-Kaboom-Test-Cricket-Bat/124071952374?hash=item1ce343bff6:g:DSoAAOSwpbheObHe
CA Sports English Willow Somo Cricket Bat,$69.99,https://www.ebay.com/itm/CA-Sports-English-Willow-Somo-Cricket-Bat/143763761988?hash=item2178fceb44:g:ifMAAOSwiRNfdMFK
BAS BOW 20-20 Players Cricket Bat,$450.00,https://www.ebay.com/itm/BAS-BOW-20-20-Players-Cricket-Bat/124381143531?hash=item1cf5b1a1eb:g:xcQAAOSw1exfAe1l
NEW BALANCE TC 860 ENGLISH WILLOW CRICKET BAT SH,$299.00,https://www.ebay.com/itm/NEW-BALANCE-TC-860-ENGLISH-WILLOW-CRICKET-BAT-SH/222553440032?hash=item33d137ff20:g:odAAAOSwHLNZShg~
DSC Condor Pro Cricket Bat,$375.00,https://www.ebay.com/itm/DSC-Condor-Pro-Cricket-Bat/124041358725?hash=item1ce170ed85:g:Q88AAOSwlTBeGPed
Gray Nicolls Halestorm Cricket Bat ,$450.00,https://www.ebay.com/itm/Gray-Nicolls-Halestorm-Cricket-Bat/124150473795?hash=item1ce7f1e443:g:yzUAAOSwz2VekjNJ
SS Heritage ** English Willow ** Cricket Bat,$135.00,https://www.ebay.com/itm/SS-Heritage-English-Willow-Cricket-Bat/224080309036?hash=item342c3a2b2c:g:meEAAOSw~EReEpSf
Sunridges SS Sports Standford Cricket Bat,$49.99,https://www.ebay.com/itm/Sunridges-SS-Sports-Standford-Cricket-Bat/143763749018?hash=item2178fcb89a:g:a5MAAOSwqK9fdMBH
Hiscore Extreme Cricket Bat SG,$125.00,https://www.ebay.com/itm/Hiscore-Extreme-Cricket-Bat-SG/223950465461?hash=item34247ce9b5:g:RP8AAOSwoLFeclZA
Kookaburra Ghost English Willow Cricket Bat!!!,$295.00,https://www.ebay.com/itm/Kookaburra-Ghost-English-Willow-Cricket-Bat/273939317934?_trkparms=ispr%3D1&hash=item3fc80e44ae:g:GHwAAOSwy1ddNYZM&amdata=enc%3AAQAFAAACYBaobrjLl8XobRIiIML1V4Imu%252Fn%252BzU5L90Z278x5ickkY3FSd4Ad8xn3oRtkVexxrB4L8uw9JFafpm22h%252F9wjdeLWiTh4F4w%252BI2ysKVGIUUQN8Wv9gEQXH0BKu7SnCJSrCA7WHviNECf5IEHLYKr54B9LsxR%252BZh29okQZmc19mtV9WdiXXeJzeaC6c%252FpxTROx46Qs7LlIvByvCFevbPkTmB2Vifw%252BrTGQQroZ8TP0vak467DbrcB6yaoU2HDaxr0e%252FzCvvYE%252BfXm05qKiOyiaHfw7K%252BoQ7O%252FZQ8S3FyItmS23rzLaigzfQQhGigJWmtlFCRHvwwLySzTh8MzcJnBWdqP3OFIwvJjbZU6mgvD1GsdTJ2kOLSNnnD%252FEGt%252BpKYLNuAyU0IHjZXTYp383lrXadC7OiieeZ7vpm81jG59W%252F2k13mgJHvY5TsRvIe1EyJJcVtczsKerrU%252BhtSbVTB67mf36A8jQOvp03nnWxVLtyoNTx7yThFRdC2CmAVk1n%252Bl2%252FCqCrGEvcxMM2lZvBbaU4cPr4at0dvmOe81%252BNFEWJiu3rfcNksFs%252FY%252BUmrBILQ3sqBqFAPFtNt2HP5eUoWDFexpJtxB2hqiU8HFUEBfKbFdBQsLC%252BJrP7H8fY%252B7%252BMTtAvO%252FLiYJkA%252FX1D%252FH7Q8Ii8NO6yCy9ptPvP6JODilmDqNhVQhS9ees70b1kaLQ7RFvQcSeTnvjxOclR1nC3t5NjoZQnUDQgh2sKg511hezdp1a3HDHOeGon%252BbkmK4ecYGZcDtHRpnBOEFr1BoKaZUm0YdG55pXfXYlyiQU21FG0lJ%7Ccksum%3A27393931793480cd335a80494827af6592d253bd8205%7Campid%3APL_CLK%7Cclp%3A2334524
MRF Chase Master Cricket Bat,$450.00,https://www.ebay.com/itm/MRF-Chase-Master-Cricket-Bat/124151957535?_trkparms=ispr%3D1&hash=item1ce808881f:g:0k0AAOSwsidelAhv&amdata=enc%3AAQAFAAACYBaobrjLl8XobRIiIML1V4Imu%252Fn%252BzU5L90Z278x5ickkp2NA0WuhQytmt4dbStg00HBY4sk2CSnS4e7ZF%252BMWHoesTRmIWqxaAAYIBtU59HFScV1cSSiX7Zw4lv7SzS%252B2DZei70BBhxQA41NwxOK%252BYsQbjCTlrssLqSvu8Zuwmn7Az1GO%252BQcDREMbyKnfGDYjdl3RNNYmPm8kZ6Rk0X%252FKIwWgVj2uKBLSoXZ7JqOuPZn%252BmtIf73nHj6Nr7QGpWYzoW%252FClj5Dq9PpGwslf1BGV0tDwsxIoV9HyiItEELafEKTMaw7PXtLSNnE3Vg%252B%252F7HYqa%252B3YZG0Jz8LSvv33Fp%252B1I4qbgRP4O9Y91EmaXyG0SYEeCN%252BSWqjDorFlE4PfUrFtK3%252F85lTYO%252FIToZENMe%252FvWmUWG23kgyMwkAWHba0JyLGRftfKhiUpu8BkHI6pz9e4Ynw1ghfe48tlK0rNArEgChBVLqSMrkdcAC4ydtYhwLe6akAyF2tYqfBhGB5Ek7TYqBKUzIsF2KMgQgDbQdAscqDI0yzpBi5rv6ZL4YcBm9XBQNyqNFD5xHmL2G4rF3w5iP519oX%252FOWrNTu44yEGQr272M%252Bokq%252BX6v96sFCwCDsDn%252BypA4FNY3AQZjOS4d6ksE8AFnJmV3BdY7%252FemzMqK0rni%252F35B%252BOa0DhTA0e6OUW3tiAbxKnkfVGjQ1%252FPWJvFN7Bwy%252FFbI5K7Y8NMPYzDfsBYr6kHVC0WuDbh86dzmgYj7sNDA13%252BeCHuvFfG3tktvRmzNSATrsnTEjeTO%252FOxuJ83VBX9ytMswoPZ2WuIVeYgV%7Ccksum%3A12415195753580cd335a80494827af6592d253bd8205%7Campid%3APL_CLK%7Cclp%3A2334524
New Balance TC1260 Limited Edition - Pro issue Cricket Bat,$550.00,https://www.ebay.com/itm/New-Balance-TC1260-Limited-Edition-Pro-issue-Cricket-Bat/124395426870?hash=item1cf68b9436:g:e2gAAOSwuEhfAOMy
Adidas Pellara  Cricket bat Grade A,$150.00,https://www.ebay.com/itm/Adidas-Pellara-Cricket-bat-Grade-A/264848671181?hash=item3daa3601cd:g:71kAAOSw0GlfS~tg
JR THUNDER ENGLISH WILLOW CRICKET BAT SH,$129.00,https://www.ebay.com/itm/JR-THUNDER-ENGLISH-WILLOW-CRICKET-BAT-SH/222544652373?hash=item33d0b1e855:g:-nEAAOSwAO9ZQM~v
MB SHER AMIN ENGLISH WILLOW CRICKET BAT SH,$209.00,https://www.ebay.com/itm/MB-SHER-AMIN-ENGLISH-WILLOW-CRICKET-BAT-SH/222547008077?hash=item33d0d5da4d:g:kPsAAOSwOMdZQn3w
CA 15000 Cricket Bat,$450.00,https://www.ebay.com/itm/CA-15000-Cricket-Bat/124253050933?hash=item1cee0f1835:g:Ah0AAOSwwcVfBmmf
B3 2-Stripe Custom Cricket Bat,$250.00,https://www.ebay.com/itm/B3-2-Stripe-Custom-Cricket-Bat/124039143746?hash=item1ce14f2142:g:-UQAAOSwOIpeFsHe
Bellingham & Smith Fireblade Cricket Bat,$250.00,https://www.ebay.com/itm/Bellingham-Smith-Fireblade-Cricket-Bat/124041370850?hash=item1ce1711ce2:g:~rgAAOSwe2JeGPnQ
New Balance DC1080 Cricket Bat,$300.00,https://www.ebay.com/itm/New-Balance-DC1080-Cricket-Bat/124247840240?hash=item1cedbf95f0:g:JjYAAOSwKAFePNy3
B3 Bespoke 3-Stripe Cricket Bat,$350.00,https://www.ebay.com/itm/B3-Bespoke-3-Stripe-Cricket-Bat/124039160276?hash=item1ce14f61d4:g:1cEAAOSw7bZeFskg
MB BUBBER SHER ENGLISH WILLOW CRICKET BAT ,$255.00,https://www.ebay.com/itm/MB-BUBBER-SHER-ENGLISH-WILLOW-CRICKET-BAT/222553420218?hash=item33d137b1ba:g:FNYAAOSwgv5ZShMq
Boom Boom Arrogance 175 Cricket Bat,$149.99,https://www.ebay.com/itm/Boom-Boom-Arrogance-175-Cricket-Bat/133533649600?hash=item1f1739cac0:g:4icAAOSwLTZfdMCq
New Balance DC1080 Limited Edition - Players Cricket Bat,$425.00,https://www.ebay.com/itm/New-Balance-DC1080-Limited-Edition-Players-Cricket-Bat/124041336038?hash=item1ce17094e6:g:GoUAAOSwKHteGPHK
JR LIMITED EDITION ENGLISH WILLOW CRICKET BAT ,$249.00,https://www.ebay.com/itm/JR-LIMITED-EDITION-ENGLISH-WILLOW-CRICKET-BAT/222553412842?hash=item33d13794ea:g:XCsAAOSw1~JZSg~Z
Robinson Sports Pro Edition Cricket Bat,$250.00,https://www.ebay.com/itm/Robinson-Sports-Pro-Edition-Cricket-Bat/124114460024?hash=item1ce5cc5d78:g:YVsAAOSw8LZeFtc9
JR MASTER BLASTER ENGLISH WILLOW CRICKET BAT SH,$169.00,https://www.ebay.com/itm/JR-MASTER-BLASTER-ENGLISH-WILLOW-CRICKET-BAT-SH/222547018274?hash=item33d0d60222:g:lT4AAOSwvflZQoG8
Laver & Wood Special Reserve ST 10 Cricket Bat,$200.00,https://www.ebay.com/itm/Laver-Wood-Special-Reserve-ST-10-Cricket-Bat/313262467618?hash=item48efe5ea22:g:YaEAAOSws~pffw58
Ss 2020 Super Select Cricket Bat ,$299.00,https://www.ebay.com/itm/Ss-2020-Super-Select-Cricket-Bat/274487769907?hash=item3fe8befb33:g:kgQAAOSwVFpfTg57
Grade 1 Sachine Tendulkar Profile English Willow Cricket Bat,$130.00,https://www.ebay.com/itm/Grade-1-Sachine-Tendulkar-Profile-English-Willow-Cricket-Bat/313263419708?hash=item48eff4713c:g:HLAAAOSw9iNfgvsr
Spartan CG Cricket Bat PREMIUM GRADE ( English Willow ),$168.00,https://www.ebay.com/itm/Spartan-CG-Cricket-Bat-PREMIUM-GRADE-English-Willow/272905258399?hash=item3f8a6bc59f:g:6wcAAOSwB3BZ9HSq
Laver & Wood Ultra Private Bin Grade English Willow Cricket Bat,$300.00,https://www.ebay.com/itm/Laver-Wood-Ultra-Private-Bin-Grade-English-Willow-Cricket-Bat/313263488756?hash=item48eff57ef4:g:0C4AAOSwPZxffxD~
Virat Kholi Profile English Willow Cricket Bat,$130.00,https://www.ebay.com/itm/Virat-Kholi-Profile-English-Willow-Cricket-Bat/313263423988?hash=item48eff481f4:g:CqwAAOSwx9pfgv1j
GM Noir Limited Edition  English Willow Cricket Bat!!!,$295.00,https://www.ebay.com/itm/GM-Noir-Limited-Edition-English-Willow-Cricket-Bat/273896112697?_trkparms=ispr%3D1&hash=item3fc57b0239:g:qOsAAOSwcHhdNYTh&amdata=enc%3AAQAFAAACYBaobrjLl8XobRIiIML1V4Imu%252Fn%252BzU5L90Z278x5ickkY3FSd4Ad8xn3oRtkVexxrAazvjvZLYJ5EEStdBw95JvhA6qfbjzq0a2Biiq3d%252BviN60AQcGgh71HDHB8F4QRr5n4EehlpVynVOLM%252FTmp2kUrGQjoX4LEv38CUheoHCag%252BpHbfjIbFDDlyrcuV2y8qfak9Higl0JFUrm5i5iAgTBM3vYaCXmK4sjaf8xnwVe4yvYUxrupWIF%252FZWaHBrTzJjKqmwnhkwwAq1mlmiW2Kx7CGnPSOaj5QsG28bklQLTe9EwGrVitWR1D5ElWc4VC5MzWwFHEvHlf0K85BPM%252FXDN6Yg4O3GmXYhdTVKUGpAoMDKsGhPZEuSqO3jE82%252B4Rp46B0zvy35A7%252BpjXGDA9HRMjUtsPzHh4Bnb9HOMWEC64rt3jiZS7s6jGaPZd9%252B6gWtq9sQHlYJUTGmZFZBbN361w9xLqF5U0VpEnNzq2w62glO%252FDg8YRflL1jVg6xwoy3lmPlPcRhf2%252BGObak2Hn8T5MdSp0uofh3RB%252FtbzkLEtrPp1qSuXsoqv%252Bn%252FpNiBJ4kdxDBJJHOMSpzz1pJBL50QbHMV67ASw%252BVQ0nu5KeKg8Aj9Wuh8Ah1whMLta%252FyRjaP94Cq3z86d4N2OY5SBo8MqfvYdRq%252FXaTbSRfT1l22MwIHLXBdoAbCQ8hP9vXwi2%252FM4fEnjLsLdrVGEqBmbGAptiww%252B89EjH9Hs9UsF7jJhMquUMli2pxMTrd312yfy8WBT2YueBld5CJX6HS18PG8ucq6TLIU2r98ZhbhhxHUzSr%7Ccksum%3A27389611269780cd335a80494827af6592d253bd8205%7Campid%3APL_CLK%7Cclp%3A2334524
MRF Chase Master Cricket Bat - Players Quality Willow,$450.00,https://www.ebay.com/itm/MRF-Chase-Master-Cricket-Bat-Players-Quality-Willow/124163427513?_trkparms=ispr%3D1&hash=item1ce8b78cb9:g:-Z0AAOSwzZFeGPbC&amdata=enc%3AAQAFAAACYBaobrjLl8XobRIiIML1V4Imu%252Fn%252BzU5L90Z278x5ickkp2NA0WuhQytmt4dbStg00I%252FAB8ms49RJTs9ATOWy1R9bxUapbrpuGru5kGYWtHmZxoL8PPnoYEr2gbC%252FZGMAIo%252BeNUQ%252FgkeeVG%252FF4nZXbKwn6Brdg%252BsvCOKK5%252F6cLaTg14u7SDjSNQr%252BFlWNBFvJs15sExJNnBVd3eenTuCk9iktEfFvnerjz11g16H2zgMVXRZa%252BPmsZ%252BcXgrJMjBzTpcP7sqWchtOo9KoTF5vvf4cN3YnGj5knFyKYqYRHhreW6Xa%252F69l0zHxul3QD4UlsrhA2qrMnpetJcYNpBilUT2muZU797VtHuUmczXn1G1YkP8V1pxWiUbB75On8sI%252Bf5KuN9BdeRU4ieemZPH9ZNAQS4ppJ0NKgCXLrEFJSsJuuMs2NEIbIAGRq5xVQ7pzXcAWTVGa%252FInY9D8DcGUAM9%252BBoYGQgZSZfYpKUm1JsQexgndy15A9PgH4efigMo5p5LqBTYAsckGgL34YgfzSlf42lE53QpRiDBzeSbgGUinRjwtbcLW92QwYVKNmeIh5Da%252Bqd7Xj8WC1M4mD1iRpWVS3X5yKQnwcIglCDhs3Me7r%252FpRRfEfvgGf7tpCO9TO2qIKufM7uALcfGhDgx6CKP9LO2oAmSpesU%252FWr%252Br28VTCIbjK5EX4c%252B%252BKem1qpuPDKhFyycQawO8EtnbBY7vQlkBsdXD%252BYLgMAsyDnP8VE0WHLgVtYmmjasuARrfTLXagg2gmePyQsIfdqm7ub8c0eqYIGp%252FT9EmRUejcxhZ2I6YwwG%7Ccksum%3A12416342751380cd335a80494827af6592d253bd8205%7Campid%3APL_CLK%7Cclp%3A2334524
Keeley Superior Cricket Bat,$550.00,https://www.ebay.com/itm/Keeley-Superior-Cricket-Bat/124040353642?_trkparms=ispr%3D1&hash=item1ce161976a:g:7igAAOSw8SdeGAv2&amdata=enc%3AAQAFAAACYBaobrjLl8XobRIiIML1V4Imu%252Fn%252BzU5L90Z278x5ickkp2NA0WuhQytmt4dbStg00B6Lwr5rlP8GM9gqyXgZcQupuVaK9H9A93Jt%252FV2Z3s6MsmkwjJ1p5iea1Z9CxW%252FjGj0Lj7NM3rPIhp41gKmorRyfGrFpY9WL8ECgRw6DfYvG3L0elI7mxAGu1wxLS6jOlnuKrhU7t2fxPpHD10X%252FNxFp39OjfZZyzRWxwlYcN2oLxWm%252Fl6Be%252FDazK4PGS3HQX7RY%252FydVwS8sApTsd%252BrxrXM0kal49cdYBBrhtn4HDYp7z7EB1cfcqUs6j45z1XpC0jGouanC5vrOozJJHBlk8y5FUolgRfKuok4EATloYSYURMSuJrTuLgDftwmSlEBjMA%252F%252FsdjOcbklre1UXcgHhIXwIt9j5n%252Fe4Q4HaVKWvbC9O8OJcLYu8xwrA8Iu61d9Jchm7%252FrsRDdRMSWGxImus552y6s9xiHqJTpfzAblKwbqOzLhuCo3lEePc2hxihHUMG4U25gD%252FJ9hAcgI640ooexClpord3pRODv1VrBIW6lOiXoW0dDQjVykTtj11Hjo7EFHd2Fk9Z7lZYxuiqSAhCa8Bbc1J1UDIe6QZ4qUvw1jTObRsdjeQC8hnHJnd3hiGBVZSeRiCOJrrA7V2AFfCBIgjXv%252BGqXWH095GFvT9tFAgPXG2NjmzKlK6T%252ByyAhaMFqAvQ2yZPNpW4lVhVLtEU2Hq2KXy1GdlJiqioDDRHCBUiY%252FxNUr1LJyME9zLdzmOil0etrtplcx%252F305vRzRACHbWVyyLAsTN%252BND9TyeON0S%7Ccksum%3A124040353642059406f08dec4ee88629e89988122549%7Campid%3APL_CLK%7Cclp%3A2334524
CA Dragon Cricket Bat ,$450.00,https://www.ebay.com/itm/CA-Dragon-Cricket-Bat/124147325956?_trkparms=ispr%3D1&hash=item1ce7c1dc04:g:viUAAOSwbj9ejrBs&amdata=enc%3AAQAFAAACYBaobrjLl8XobRIiIML1V4Imu%252Fn%252BzU5L90Z278x5ickkp2NA0WuhQytmt4dbStg00OcPYl%252B9mrR%252F%252FiwfQvu91mgI%252BOp%252BYpHXcvN%252B4r7YZByi80AE0%252BDEfMiGX1YN8NPPCvO7ZPymF%252FplzuTY84cBxvAZcuJBmC3dkdAkDRBsGoe1J1VZi%252FJqAuiIvVTDu42DhazfyXcgGVcJ6ztyrxLGddxlIkiq7Ho18ts7ckPlECwN1bsaG%252FqwqsEXfjA1fdh522May9uG1%252FAhqpwoEWhWJmIVyUQMe7gtNtEplVvq%252F9oV%252BBoXx7Y5wRCUv7i6WpE%252FEDkB94Ngb47hA78ODpUUyfI2eAvLvVEJ7e1guMithWqO1a4VX9KhwUHmVHzsg2SOtKWtVO4KSsLC5h3tlp0KLzV3DXe7tmLuqvFsvjQfUQrSGeIQqYoWHA0jac8SqcxZ6AGB8ajawr%252F23BofRBCEPW40g88hFzg05XzZ3CMkZH3cZzxMevNhQr918jEsXxkJ9zf8nI7igeuwzdRT0KAFl0razkwUxL4igd1X3W2Bt5lm2efYjUo9kSPi%252F5eWYWmooafANuYHPyMHKkQbh%252Fy2VfKdiTLpgPj3ymNpypGqIFegKv3W%252BRuxGT4qUwIIcfFILYq5Bb1JleSid1vi0nL6CN2%252B%252Brb1XkBiLqsNVq8ruvZzGQ0uxvvkG06lQyrkBuCoT4glAcp02vAZ8edNUVRwPrRt2HfbrXvO1ELcyDcKHDh7W8AyoDCGYkIgCPiXKZpbEeGjjQc90fjNKYoM651cW7Vh%252F3sDZu7QqAC7UxNdBK8q%7Ccksum%3A124147325956059406f08dec4ee88629e89988122549%7Campid%3APL_CLK%7Cclp%3A2334524
SS TON Makers Finest Cricket Bat,$425.00,https://www.ebay.com/itm/SS-TON-Makers-Finest-Cricket-Bat/124155379666?_trkparms=ispr%3D1&hash=item1ce83cbfd2:g:aBYAAOSwYY1el7QO&amdata=enc%3AAQAFAAACYBaobrjLl8XobRIiIML1V4Imu%252Fn%252BzU5L90Z278x5ickkp2NA0WuhQytmt4dbStg00GJucxDL4kif8ibdiGAbgNLIncvayfLQ5IaeWJPhraSqP0u08lIEN5xwUknAxrv%252FKwxRRbzGgYGtNAKKL1Oqca7osHze%252Bju3eh8%252BysL9u6ZRcSyDQPRa%252BzNrdtSktZ3qLG5TFOVWi9%252F3qobwNtCIuAvLug9yHvoLKdhQTmSfQKp8Slm2au6nopB4KOWPNo%252FOetflI5mDRcairtLrKv7y5aP2gqgUs6RAL39NpsmmexMJuC7%252BhsJXshicBcPpQuWfe%252B2kdKJ50g656X%252FXnK1e5%252BpgRx3a6RKO6kb55wC7rNofIJTCJbvM%252BRZugMg%252FPvSyKTzCZFwDlM8TWnBWZrgG2jwyAH%252ByRjGDq4zVEuL5F%252BVg7e25zLNfsGNsvVAq0NpTSODjujsy7zGFkBVVy8Br4O%252FwaADHfuLRXzpZ2bYQn8tJGenjzn9TWn36jnn5RoDZKWaRXKhxUaKzqFcHpLJjQMwK677%252BcA3N1Inw21hYrciNQTRdBIVc32qBo7Tvba5KxI3IYcOYjl7T35Udd09B1JRUJ34PnQx90w%252BOnwRkk%252F%252BmQpReWb9V3mwZ6t2YVI%252Bn1C7hkJQe9wCsehjYqmtsMX%252Futjg2OuJenC2ZzQBxQXH8W20czjxjeWhU4LAt5U8Nb3Pp%252FUZELCY%252FRJAWeqJRoKnkO7SkPmqX7fSql7%252F%252BfV5w7CZ%252FqOcGrfH%252Bf5O4UDLLgemYMRaOWjN6OJhSoVeN%252Bbx87BQiLCnuUWBjKP4cb9DL%7Ccksum%3A124155379666059406f08dec4ee88629e89988122549%7Campid%3APL_CLK%7Cclp%3A2334524
Bellingham & Smith Fireblade Cricket Bat,$250.00,https://www.ebay.com/itm/Bellingham-Smith-Fireblade-Cricket-Bat/124173613022?_trkparms=ispr%3D1&hash=item1ce952f7de:g:az0AAOSwYWReGgTX&amdata=enc%3AAQAFAAACYBaobrjLl8XobRIiIML1V4Imu%252Fn%252BzU5L90Z278x5ickkp2NA0WuhQytmt4dbStg00Ow3M2hOMxRKiJjE2dIfqxrXQiv0VDgBZgD4OhSC%252Bjs7uy0mINMZALkKL94JA7K6X6Pq%252B87rqOmTruyYPB%252BsJitI22R0k5WhGlNZI5WWlROA%252FDow%252FGEv3SJDFS0hIbOTcaXe55CB9MROeYgfSVU0cFbC9AJshml8fR8ojbKOzR3MKMqEt3gKfxRCMuZD9AUNqUCI8WLfKaWfLgXX7VJs5qvbQOiPFglSqkvjyyoWLxrGgiU67SlDxpyQeGX%252FTyG96yE183g%252FJ5vEw7AS%252FjGf8Kq6fT6B8u7S%252BHLS784GNyNTrdJbfGJiaeJDGHn2ZxqB67cKciAtHXl917KBx5vuaJwFjcAd4M%252BoE1FXEO1%252FIDOXAsOamah4DqrPUI1e0B4mmhbTIQw%252FmhWiT9ixUxhNuSd61NUbxlIuHOxZIw%252FHnhVDhJHilwCcZmgD%252FEQd4OBLp3J%252FyqCnO%252FMkdRD5fd1%252B%252BLU9Yvaa2Dv8rtspyRjTbvqCGJlXWQuEcuuz94GMy%252B3RNRSoDh5P1MzmNtt1MtIOQEslFJVhxNntBYoWqa9jEskQPQhi%252Frt5UwDgmS%252FW5ih%252FNziffRE%252BPz47IfAi%252F4S7uIn8F21jv4XokNqtKdq9UU3VM6SsgQ%252BXcPVeD3ZZZbAl1PryoNZxcHhGxaDcXRPhN%252F9nqvNkMN5xC8TJQIU8W2d1Piqw0W2GfCP4wxf7%252FiQTKf4smvgZ6YGBZe14Kd0avLDxnKdKJuXe2Rx%252FeYkehgUU%7Ccksum%3A124173613022059406f08dec4ee88629e89988122549%7Campid%3APL_CLK%7Cclp%3A2334524
Gray Nicolls Powerbow6X Players English Willow Cricket Bat,$290.00,https://www.ebay.com/itm/Gray-Nicolls-Powerbow6X-Players-English-Willow-Cricket-Bat/273917543377?hash=item3fc6c203d1:g:GbIAAOSwoCtdH6RB
Bellingham & Smith Scorch Cricket Bat,$250.00,https://www.ebay.com/itm/Bellingham-Smith-Scorch-Cricket-Bat/124082620099?_trkparms=ispr%3D1&hash=item1ce3e686c3:g:9S0AAOSw5T9eRaLi&amdata=enc%3AAQAFAAACYBaobrjLl8XobRIiIML1V4Imu%252Fn%252BzU5L90Z278x5ickkp2NA0WuhQytmt4dbStg00MIRbBxoB9QxQaOTgJBeimsJYgbxV%252Fh3jvVYvgok3Zhx30h6tDRHyIdBgQxFTNXYegdwh0RO5W%252B4fruaIBaeoDW8PblSifafApVviU%252BSUP85Os68wHnURJWjGuQvx1doISBH5SRE85pqO%252FIJBgFqcRdycho0WIx%252BcytY6jEDudqq%252F4yJ1YY7qSRmwG3A6DwdUDuc81FlLAEYE0rPV7yHY6H0rWrEgSVyoGdQqzl%252F7M4NCnCzRbkVKM%252BdFb2oVFDYYr297IL3lMkl0iAyktk25SqzKGdTnQ11wjxoK074luvjFdFYu3Lsk5IgcQxhs6ED6nlisBOmHMxs2xVmtEy6%252BGbuuO5fb7WrnxtZfNe5QEMdgdzPFg6NB34MQ6BBoUC%252BCW3r0DHx3ibe6WvowF%252BTYUkYp%252F%252B5OlqmHCustfrAAGkrseGvUz6FzHoUB4pvDRjzo%252FQgevy7V8encZ3kxey%252BXUZCEpSD9M%252BaNI2A7Ve2B%252BDBqsMzo5%252FSyxZt90eRcefGTS3JzeUrDEfG9B4MnUUuw8DaJ%252FFVA7EPETbn%252BQpxjjy%252BUgvXEQWMnJ3dqe0e%252B%252BnQUC1Z0dvBeldLjdLtIC78pQHMz%252BhqpwvRl8hQxsHW%252F4y6J6UPzC9XcmjeMj5xrWn6QeKqrImvFqGztnHwm8tYobM3TKzGV0c01HjkOGj9TVM%252FGJuMjdz%252FIdnth6ulCYM3FJy1xMSfG%252BiaGCS%252BbBqHm3vM8Bu2Kmz8RdVC%252BjLdhZKf%7Ccksum%3A124082620099059406f08dec4ee88629e89988122549%7Campid%3APL_CLK%7Cclp%3A2334524
CA 15000 PLAYER EDITION MODEL Grade 1 Cricket bats,$325.00,https://www.ebay.com/itm/CA-15000-PLAYER-EDITION-MODEL-Grade-1-Cricket-bats/363073579680?hash=item5488df2aa0:g:0xkAAOSwcNJfMytn
DSC Bravado Swank Cricket Bat,$300.00,https://www.ebay.com/itm/DSC-Bravado-Swank-Cricket-Bat/124247539417?hash=item1cedbafed9:g:xlcAAOSwglBfAN8y
Gray Nicolls Black 1877 Cricket Bat - Made in Australia ,$300.00,https://www.ebay.com/itm/Gray-Nicolls-Black-1877-Cricket-Bat-Made-in-Australia/124358682958?hash=item1cf45ae94e:g:xL0AAOSwHbleObRH
DSC Bravado Swag Cricket Bat,$300.00,https://www.ebay.com/itm/DSC-Bravado-Swag-Cricket-Bat/124247540314?hash=item1cedbb025a:g:n6gAAOSww0hfAN-T
Custom Unbranded Cricket Bat - Grade 1 English Willow ,$200.00,https://www.ebay.com/itm/Custom-Unbranded-Cricket-Bat-Grade-1-English-Willow/124279544294?hash=item1cefa359e6:g:F00AAOSwmdteGPii
Blank Bats B4 Cricket Bat,$450.00,https://www.ebay.com/itm/Blank-Bats-B4-Cricket-Bat/124253037431?hash=item1cee0ee377:g:xEoAAOSwXsJfBmZl
DSC Condor Flite Cricket Bat,$250.00,https://www.ebay.com/itm/DSC-Condor-Flite-Cricket-Bat/124248293917?hash=item1cedc6821d:g:sEQAAOSwq1leFs5T
Blank Bats B4 Cricket Bat,$450.00,https://www.ebay.com/itm/Blank-Bats-B4-Cricket-Bat/124303398138?hash=item1cf10f54fa:g:d8oAAOSw-qBfBmYO
Kippax Colossus Player Edition Cricket Bat ,$400.00,https://www.ebay.com/itm/Kippax-Colossus-Player-Edition-Cricket-Bat/124078915000?_trkparms=ispr%3D1&hash=item1ce3adfdb8:g:NTsAAOSw1y1eQZjD&amdata=enc%3AAQAFAAACYBaobrjLl8XobRIiIML1V4Imu%252Fn%252BzU5L90Z278x5ickkp2NA0WuhQytmt4dbStg00Ek6Z8yxmCI4ztRqjitR2uzG3NI%252FbjSJp59YZ%252B30yYLQ%252F1bPJFXoufsLPAn8QYdcThetRWxIOKnuqU%252F57ahEyJiaWc9OjozdQoMYiz03vh413BgJFWz%252BH%252Fn0CVvrjx16gsSAlRpiDzAaZrsj5roGujSTjSzTKMMC7tPHbuZQvYjvONr23fAvl9soelcrF8wd8gFquWf84NRS04DCeZQkR2GvNb2qo9aqyOUpwhSWMAJmD3X1ObrscdbH3x8XPi8j0H63Otzb22gb9FM40t5xcchzJjZYaSsL%252FE%252FOGN7z8VGrOv%252FtsEjbd8JzIwCuLeiUOdaOpHEGwhTy84ITgxV6uXdwdGsTTa3pAoT2CHnczmiIenEfXI86YuF2KZBhYuXgPX7rV1V%252Funhn4LEKS2sMwVHVocfFlTtS7j89o0Z%252Fnyn%252BjWvACYrzJMFj4M%252F8e6DR%252FezoOcyu1%252BHKx5fYXojtD0NVDvHjfePN3aBhoPN3RuTEvVkY9seQrm7P6MeO7xayaQcAryA%252BHyo30swb40n%252BhatfHIWqcThfCecSWTs35dU6%252B%252F8vxI3yLIUnR510%252Bk2LV4t2GSy%252Brw2OhkeO8AGnGCBqHvw7914p%252BzTfeQvInCFm7XCmELal9pdSGM5Ksgm6Ho9eUP14L4sOEaiIXuymseeiBkX1YX8W5y7NHVa%252BvBr8Xkmqqa4%252FuZAVII2AFOUP84BW3lz%252BS5vkAVprA7x9eHEd2kgq2pnUV2z1Ovac3TVv%7Ccksum%3A124078915000059406f08dec4ee88629e89988122549%7Campid%3APL_CLK%7Cclp%3A2334524
CA Dragon Cricket Bat ,$450.00,https://www.ebay.com/itm/CA-Dragon-Cricket-Bat/124147324894?_trkparms=ispr%3D1&hash=item1ce7c1d7de:g:fPgAAOSwD3dejq-8&amdata=enc%3AAQAFAAACYBaobrjLl8XobRIiIML1V4Imu%252Fn%252BzU5L90Z278x5ickkp2NA0WuhQytmt4dbStg00Bfwtzkv4xba1bX8%252FtnNFkNjRb8gTiu4np6NQUit4wl0W%252FdM5OPiFLaQCZaFtqXujXLo46B8f5b99rEGVYoQg8KinPwWpSHBQYS9oCR4U3cNPVrEPYqWsxXocz2EUx7ZlRxbyYTYfMYIQ4V7DvEYFPpdUSFPCxdilLhac4zdpoPz8PFXoYTKiSFVBMwGY0yoCJdP8H8eGsLFnuE755BR65y0jdmBE6%252FzpyZkrcrT%252FR5FiedXlCAhpXaA0%252Bfr7R%252FXs8CskY0%252B%252FmlpFlmpZo66PHb99qAs2SbZqqQH6uOqQo7awy2LM4%252BUrT53p2QK94kfKmpux2qE8yd7lV0qgzComXPbU1Er6vqXyK3KOaYenohSiStQYLfv2fvvN%252Bpt4QtcxYjA0BDZhygN7pOiSO3349xsiJaTSKS%252FOxCeqEXqqbKsfMxuAOygAM40i71m7DW%252B4qT%252Btwt2%252B14h5ObUOhIzWRnGCGGNDYLvT6o8bQG0q4pDkC6xz8FnFEQNgWsDjOiH067vPDL0Cs7vIKPCKT9Uzkf5NzOeI4IM5LQj0Zy4zjFQWYXnrAFKPVJmxhNKgtfuKZ2RuLr3ZZn%252FYq5bcN6wVX0OFxskME%252Fu%252BuxTlDY49ArDph71s9XJQ2biB9WiniSQNOFyVkGa0YUeXiB0W6OyBFE%252FPMAfnWPX1NpUXcOOqBxKJ%252BFOeTwqRLy9zMOa52MQb7aKDRxxkSQpshFARHz55WXg8KUOm%252BhmJbnMlANsxgEA%7Ccksum%3A124147324894059406f08dec4ee88629e89988122549%7Campid%3APL_CLK%7Cclp%3A2334524
CA 15000 Cricket Bat,$450.00,https://www.ebay.com/itm/CA-15000-Cricket-Bat/124253050934?_trkparms=ispr%3D1&hash=item1cee0f1836:g:tn8AAOSwic5fBmoL&amdata=enc%3AAQAFAAACYBaobrjLl8XobRIiIML1V4Imu%252Fn%252BzU5L90Z278x5ickkp2NA0WuhQytmt4dbStg00K9W81M0U5jxy9%252BFKqyL8I0D7xgP2n2BI6VqVRDKC1%252B7FRFzry4%252F%252FrQF3YBcrGBz3%252FXmqNxaP18WF0Dh8XqyZulc6uQSKuYsh%252BwbIQqQIHzlSVZFPEGbVutPKFUaLPud5osUR%252FDblgL2JZhEnrZDftWFqXLLAa42rHGlfYAiksUFH5cPmQhWvSZ8gBZjMNdTNEdo5rTA8sPHGS7oPfIM%252FqeEj2N368CKL6IxCLQ05xmz4%252B6JfGnvBnybQM%252BBaEQBPX7ChCZ1nyKSI4sAsy8ZSW2PkywZMYJ6GdafBV4P3EPPFWKpLInuDwQBebeBduWVFbScXidoVdPeriOa77ymualkzrX5MllmM2JEehasJkzQJDREwqwIbSYv0zGB68vEpj6bvChtU4qKIUZsfawOzjWkxUNib8o7qGcOBG2SsIpES%252F0eYU4p1fudV9w4BN5IUBheyAuxmejhd1kvDTTNEPAXCx6Fcn62k5M6nAIC9JzFY0qoEz2GcXrJhO3Nf5vKGZdm%252B4W4yTUU3SUShqItzqynmYfS5zOpuCut6eYbGlqW0w%252B3akiC6zENdRGqj5tWa5CmkBrFetVaJjkRwTI10iJZ6Nj%252Fx2hGNDFiRuD7ep1Wa8Jbv6iqeatD1teQtxlmw5iqMX2wu2B9agdpbgNPVa2%252FC2Kbllc3AlHrhU0TU57nyqfeNxeLQ27JV7lz%252BmTFPvrGmgpDpFBUkJ2EJmP76oFEYDjjbd1Vt4EI9laiY%252FwM%7Ccksum%3A124253050934059406f08dec4ee88629e89988122549%7Campid%3APL_CLK%7Cclp%3A2334524
SG Players Edition - Pro issue cricket bat,$425.00,https://www.ebay.com/itm/SG-Players-Edition-Pro-issue-cricket-bat/124041412131?_trkparms=ispr%3D1&hash=item1ce171be23:g:qpcAAOSwnd9eGQYd&amdata=enc%3AAQAFAAACYBaobrjLl8XobRIiIML1V4Imu%252Fn%252BzU5L90Z278x5ickkp2NA0WuhQytmt4dbStg00IunHvrjdbSx8%252F%252BzPFji1qiUjTFOQdbsJImN5mrJIozhwPjFoNhuCSxNhB2XH9CGoQZSE4jdp5KWLcZLXYFVR%252FPAjDI%252FWiBIydQrFGE05hbad5SlIfpnShcAHfzKxdLwRLVJHWQgf2hUXVM0s%252F4nW3HlUUZ%252FvaZRv%252Fw2jz%252Bo7TGzxamEDyQNbPtLJ6BuRdGO%252BAZB9cKRHVQno8BruiI7D87yY6cReTBF26kjW6lpBdHXk6Bs8Szr4W79%252FKusFdQ1C967tQ%252FUEbtUUb1TEvCICXIh0994Afpp7liHJ96CSoSdTeEuH5RY8zBPh%252FkA5rOHqzi6TX9czWMNLHQuxS6jJJV6mZXtqLLhXFNZS3Gg43dP%252FTcoWt1JhHhDJuVolYv7NgJ5WJfL9dZktWol2P1f2bZogYAR92V0kmpyj26KF43jEosg80QZlnVL9ynfP3VOquBr%252B6GevK5mbVGZGNmWrkegsRKFOLlX3GDE0n%252FVI5PyKNKOIZ%252BIlsW94l%252FEo8pVJXmn8BkhFQxVSzXZY4gP0aa7LZqQHbRPqST0kNGm9nltFF10rwXbFZqkFBvAbHcId5g9zay6cnQmZ%252Bi5wwC7HOMp%252FcTZ4HMYbv23FPigf4DPi2OwqLitl6HYRQoBVv1bmj99ocKGfzNpdb8q2abEKGkDCYvPSY%252Bx9uMXV1t9hdB9AW94Cdg5x9A8agPhiK52ZnjxknCdjtfwP5Aux5WzCRaF0JFcNFGyAcp4RVnG2ywt%7Ccksum%3A124041412131059406f08dec4ee88629e89988122549%7Campid%3APL_CLK%7Cclp%3A2334524
Millichamp And Hall Solution LE Grade1 Cricket Bat,$350.00,https://www.ebay.com/itm/Millichamp-And-Hall-Solution-LE-Grade1-Cricket-Bat/143381896416?hash=item21623a1ce0:g:~j8AAOSwsVhde9sv
TRQSONS English Willow Cricket Hardball Bat 9+Grain,$120.00,https://www.ebay.com/itm/TRQSONS-English-Willow-Cricket-Hardball-Bat-9-Grain/124326131632?hash=item1cf26a37b0:g:9d8AAOSwbp9fU87q
Gunn & Moore Mythos Travis Head Player Edition Cricket Bat ,$650.00,https://www.ebay.com/itm/Gunn-Moore-Mythos-Travis-Head-Player-Edition-Cricket-Bat/124304145108?hash=item1cf11abad4:g:RawAAOSwLEdfPIKc
IHSAN ORIGINAL X-PRO ENGLISH WILLOW CRICKET BAT,$349.99,https://www.ebay.com/itm/IHSAN-ORIGINAL-X-PRO-ENGLISH-WILLOW-CRICKET-BAT/283227273598?hash=item41f1a9397e:g:8TcAAOSws29b0VnK
B3 Custom 3-Stripe Cricket Bat,$350.00,https://www.ebay.com/itm/B3-Custom-3-Stripe-Cricket-Bat/124039159236?hash=item1ce14f5dc4:g:QUoAAOSwkiVeFsi0
B3 3-Stripe Bespoke Cricket Bat,$350.00,https://www.ebay.com/itm/B3-3-Stripe-Bespoke-Cricket-Bat/124230865522?hash=item1cecbc9272:g:wfUAAOSwxcteFsc-
NEW BALANCE TC 560 ENGLISH WILLOW CRICKET BAT,$125.00,https://www.ebay.com/itm/NEW-BALANCE-TC-560-ENGLISH-WILLOW-CRICKET-BAT/254472725935?hash=item3b3fc1a5af:g:-oIAAOSwYA5eEhqJ
SPARTAN CHRIS GAYLE FORCE ENGLISH WILLOW CRICKET BAT ,$229.00,https://www.ebay.com/itm/SPARTAN-CHRIS-GAYLE-FORCE-ENGLISH-WILLOW-CRICKET-BAT/222548920878?hash=item33d0f30a2e:g:kb0AAOSwceNZRMRv
GN Legend Cricket Bat Semi Oval Handel (Used Bat ),$299.99,https://www.ebay.com/itm/GN-Legend-Cricket-Bat-Semi-Oval-Handel-Used-Bat/284046671620?hash=item4222803f04:g:dY0AAOSweupfZeD8
Blank Bats B4 Cricket Bat - Refurbished with different bat stickers - USED. ,$250.00,https://www.ebay.com/itm/Blank-Bats-B4-Cricket-Bat-Refurbished-with-different-bat-stickers-USED/124247535666?hash=item1cedbaf032:g:dj8AAOSw2aFfAN4~
BAS Player Edition Cricket Bat ,$500.00,https://www.ebay.com/itm/BAS-Player-Edition-Cricket-Bat/124267050903?hash=item1ceee4b797:g:5loAAOSwNItfBmKl
Gray Nicolls David Warner Kaboom Test Cricket Bat ,$300.00,https://www.ebay.com/itm/Gray-Nicolls-David-Warner-Kaboom-Test-Cricket-Bat/124071952374?hash=item1ce343bff6:g:DSoAAOSwpbheObHe
CA Sports English Willow Somo Cricket Bat,$69.99,https://www.ebay.com/itm/CA-Sports-English-Willow-Somo-Cricket-Bat/143763761988?hash=item2178fceb44:g:ifMAAOSwiRNfdMFK
BAS BOW 20-20 Players Cricket Bat,$450.00,https://www.ebay.com/itm/BAS-BOW-20-20-Players-Cricket-Bat/124381143531?hash=item1cf5b1a1eb:g:xcQAAOSw1exfAe1l
NEW BALANCE TC 860 ENGLISH WILLOW CRICKET BAT SH,$299.00,https://www.ebay.com/itm/NEW-BALANCE-TC-860-ENGLISH-WILLOW-CRICKET-BAT-SH/222553440032?hash=item33d137ff20:g:odAAAOSwHLNZShg~
DSC Condor Pro Cricket Bat,$375.00,https://www.ebay.com/itm/DSC-Condor-Pro-Cricket-Bat/124041358725?hash=item1ce170ed85:g:Q88AAOSwlTBeGPed
Gray Nicolls Halestorm Cricket Bat ,$450.00,https://www.ebay.com/itm/Gray-Nicolls-Halestorm-Cricket-Bat/124150473795?hash=item1ce7f1e443:g:yzUAAOSwz2VekjNJ
SS Heritage ** English Willow ** Cricket Bat,$135.00,https://www.ebay.com/itm/SS-Heritage-English-Willow-Cricket-Bat/224080309036?hash=item342c3a2b2c:g:meEAAOSw~EReEpSf
Sunridges SS Sports Standford Cricket Bat,$49.99,https://www.ebay.com/itm/Sunridges-SS-Sports-Standford-Cricket-Bat/143763749018?hash=item2178fcb89a:g:a5MAAOSwqK9fdMBH
Hiscore Extreme Cricket Bat SG,$125.00,https://www.ebay.com/itm/Hiscore-Extreme-Cricket-Bat-SG/223950465461?hash=item34247ce9b5:g:RP8AAOSwoLFeclZA
Kookaburra Ghost English Willow Cricket Bat!!!,$295.00,https://www.ebay.com/itm/Kookaburra-Ghost-English-Willow-Cricket-Bat/273939317934?_trkparms=ispr%3D1&hash=item3fc80e44ae:g:GHwAAOSwy1ddNYZM&amdata=enc%3AAQAFAAACYBaobrjLl8XobRIiIML1V4Imu%252Fn%252BzU5L90Z278x5ickkY3FSd4Ad8xn3oRtkVexxrB4L8uw9JFafpm22h%252F9wjdeLWiTh4F4w%252BI2ysKVGIUUQN8Wv9gEQXH0BKu7SnCJSrCA7WHviNECf5IEHLYKr54B9LsxR%252BZh29okQZmc19mtV9WdiXXeJzeaC6c%252FpxTROx46Qs7LlIvByvCFevbPkTmB2Vifw%252BrTGQQroZ8TP0vak467DbrcB6yaoU2HDaxr0e%252FzCvvYE%252BfXm05qKiOyiaHfw7K%252BoQ7O%252FZQ8S3FyItmS23rzLaigzfQQhGigJWmtlFCRHvwwLySzTh8MzcJnBWdp7HUTYTPk%252FRxFJ49cAYOtZGupxbrDAwUg55GIpgo%252BVe1DmUklOMk3TqOihI%252F%252Bma2yXwnzSeCfYSk2k2N%252FzQ%252FQG3XKOV%252Fd38rVUQtGxsRpj2LVVbzuoHp6lFlBsGR2MKR3%252B8cTkSQ5zswDMGxjcQIYqzxrbxUIQmw6i%252B6dd6uaWlZZ3qNuGmmgwIy06CwAxyv7GfXA4GbHSBdu0VQaPn4Tk2hqUtQLnjk8aKkntQ4sA8RvA3HYw%252FTNM0XvrUiAbCxcPkpwd%252F8kNSWWQs%252BiBMR3kPOG1Ckc8CsHv%252B%252F24Uwr%252B%252Bcrqj57UJsNCnQy0yFGLOfJF85%252Bu5CNNPukBmdBxVidrdPmH%252BqwrWIoOxo3CVNXgJ7FIm5OjwBbbHi2Rm9j4S6czNINXNA%252BAKVBk%252F%252BrEdfc18yOVu36%252FrdpQXTdspJObE4lgXdEa6bG7elpAwm4Vco3DIcXZ3ced4a8Bc6k3Qrc2%7Ccksum%3A273939317934059406f08dec4ee88629e89988122549%7Campid%3APL_CLK%7Cclp%3A2334524
MRF Chase Master Cricket Bat,$450.00,https://www.ebay.com/itm/MRF-Chase-Master-Cricket-Bat/124151957535?_trkparms=ispr%3D1&hash=item1ce808881f:g:0k0AAOSwsidelAhv&amdata=enc%3AAQAFAAACYBaobrjLl8XobRIiIML1V4Imu%252Fn%252BzU5L90Z278x5ickkp2NA0WuhQytmt4dbStg00HBY4sk2CSnS4e7ZF%252BMWHoesTRmIWqxaAAYIBtU59HFScV1cSSiX7Zw4lv7SzS%252B2DZei70BBhxQA41NwxOK%252BYsQbjCTlrssLqSvu8Zuwmn7Az1GO%252BQcDREMbyKnfGDYjdl3RNNYmPm8kZ6Rk0X%252FKIwWgVj2uKBLSoXZ7JqOuPZn%252BmtIf73nHj6Nr7QGpWYzoW%252FClj5Dq9PpGwslf1BGV0tDwsxIoV9HyiItEELafEKTMaw7PXtLSNnE3Vg%252B%252F7HYqa%252B3YZG0Jz8LSvv33Fp%252B1I4qxO0lNIkxB4Xo6oyp63PH8naMYCXX%252BJm6%252B8vW%252FFY9debIWFz8Vg4tik5Eifg7%252Fs7WFBe%252FUzNuU7n1p%252BrRb6%252BbDwqa6pvmsF3W70UoG3LM9OBFjFDNysLhUhfN1gbW4dBJJyvKCo0c%252Fo%252BACNDbo%252BoRcen3lPRhPTTVbwNVNXZKwRvzevDT10ySsPMV%252FogN3QFfvXu13jZNV%252BIG5wgfR96VZhgcX%252B1U9pWGlD7v4IUP4IyE1vDg7M0RrS3N%252B9vdTQHjf65HOxUu0jlfSXABVPsmvI2sXT3I9%252FRwFsmQ1DbUD2gng2Lk5lvAY7kvN4OO0dfG4tUNELKKm%252Bo0MtpnxxrjOmCeE8wyWElEw9M7ciMRBAw4uIOptwcDNgyaZGD2is0z7EGk8Xva6qyvr3E%252Bn9H2W7yhAE0ZqQbq8ttAGW7mT6%252FgOazaoHUALU0XU5M1bgg%252Bw46mjcf196PZhiG%252Fta2Fp%7Ccksum%3A124151957535059406f08dec4ee88629e89988122549%7Campid%3APL_CLK%7Cclp%3A2334524
New Balance TC1260 Limited Edition - Pro issue Cricket Bat,$550.00,https://www.ebay.com/itm/New-Balance-TC1260-Limited-Edition-Pro-issue-Cricket-Bat/124395426870?hash=item1cf68b9436:g:e2gAAOSwuEhfAOMy
Adidas Pellara  Cricket bat Grade A,$150.00,https://www.ebay.com/itm/Adidas-Pellara-Cricket-bat-Grade-A/264848671181?hash=item3daa3601cd:g:71kAAOSw0GlfS~tg
JR THUNDER ENGLISH WILLOW CRICKET BAT SH,$129.00,https://www.ebay.com/itm/JR-THUNDER-ENGLISH-WILLOW-CRICKET-BAT-SH/222544652373?hash=item33d0b1e855:g:-nEAAOSwAO9ZQM~v
MB SHER AMIN ENGLISH WILLOW CRICKET BAT SH,$209.00,https://www.ebay.com/itm/MB-SHER-AMIN-ENGLISH-WILLOW-CRICKET-BAT-SH/222547008077?hash=item33d0d5da4d:g:kPsAAOSwOMdZQn3w
CA 15000 Cricket Bat,$450.00,https://www.ebay.com/itm/CA-15000-Cricket-Bat/124253050933?hash=item1cee0f1835:g:Ah0AAOSwwcVfBmmf
B3 2-Stripe Custom Cricket Bat,$250.00,https://www.ebay.com/itm/B3-2-Stripe-Custom-Cricket-Bat/124039143746?hash=item1ce14f2142:g:-UQAAOSwOIpeFsHe
Bellingham & Smith Fireblade Cricket Bat,$250.00,https://www.ebay.com/itm/Bellingham-Smith-Fireblade-Cricket-Bat/124041370850?hash=item1ce1711ce2:g:~rgAAOSwe2JeGPnQ
New Balance DC1080 Cricket Bat,$300.00,https://www.ebay.com/itm/New-Balance-DC1080-Cricket-Bat/124247840240?hash=item1cedbf95f0:g:JjYAAOSwKAFePNy3
B3 Bespoke 3-Stripe Cricket Bat,$350.00,https://www.ebay.com/itm/B3-Bespoke-3-Stripe-Cricket-Bat/124039160276?hash=item1ce14f61d4:g:1cEAAOSw7bZeFskg
MB BUBBER SHER ENGLISH WILLOW CRICKET BAT ,$255.00,https://www.ebay.com/itm/MB-BUBBER-SHER-ENGLISH-WILLOW-CRICKET-BAT/222553420218?hash=item33d137b1ba:g:FNYAAOSwgv5ZShMq
Boom Boom Arrogance 175 Cricket Bat,$149.99,https://www.ebay.com/itm/Boom-Boom-Arrogance-175-Cricket-Bat/133533649600?hash=item1f1739cac0:g:4icAAOSwLTZfdMCq
New Balance DC1080 Limited Edition - Players Cricket Bat,$425.00,https://www.ebay.com/itm/New-Balance-DC1080-Limited-Edition-Players-Cricket-Bat/124041336038?hash=item1ce17094e6:g:GoUAAOSwKHteGPHK
JR LIMITED EDITION ENGLISH WILLOW CRICKET BAT ,$249.00,https://www.ebay.com/itm/JR-LIMITED-EDITION-ENGLISH-WILLOW-CRICKET-BAT/222553412842?hash=item33d13794ea:g:XCsAAOSw1~JZSg~Z
Robinson Sports Pro Edition Cricket Bat,$250.00,https://www.ebay.com/itm/Robinson-Sports-Pro-Edition-Cricket-Bat/124114460024?hash=item1ce5cc5d78:g:YVsAAOSw8LZeFtc9
JR MASTER BLASTER ENGLISH WILLOW CRICKET BAT SH,$169.00,https://www.ebay.com/itm/JR-MASTER-BLASTER-ENGLISH-WILLOW-CRICKET-BAT-SH/222547018274?hash=item33d0d60222:g:lT4AAOSwvflZQoG8
Laver & Wood Special Reserve ST 10 Cricket Bat,$200.00,https://www.ebay.com/itm/Laver-Wood-Special-Reserve-ST-10-Cricket-Bat/313262467618?hash=item48efe5ea22:g:YaEAAOSws~pffw58
Ss 2020 Super Select Cricket Bat ,$299.00,https://www.ebay.com/itm/Ss-2020-Super-Select-Cricket-Bat/274487769907?hash=item3fe8befb33:g:kgQAAOSwVFpfTg57
Spartan CG Cricket Bat PREMIUM GRADE ( English Willow ),$168.00,https://www.ebay.com/itm/Spartan-CG-Cricket-Bat-PREMIUM-GRADE-English-Willow/272905258399?hash=item3f8a6bc59f:g:6wcAAOSwB3BZ9HSq
Grade 1 Sachine Tendulkar Profile English Willow Cricket Bat,$130.00,https://www.ebay.com/itm/Grade-1-Sachine-Tendulkar-Profile-English-Willow-Cricket-Bat/313263419708?hash=item48eff4713c:g:HLAAAOSw9iNfgvsr
Laver & Wood Ultra Private Bin Grade English Willow Cricket Bat,$300.00,https://www.ebay.com/itm/Laver-Wood-Ultra-Private-Bin-Grade-English-Willow-Cricket-Bat/313263488756?hash=item48eff57ef4:g:0C4AAOSwPZxffxD~
Virat Kholi Profile English Willow Cricket Bat,$130.00,https://www.ebay.com/itm/Virat-Kholi-Profile-English-Willow-Cricket-Bat/313263423988?hash=item48eff481f4:g:CqwAAOSwx9pfgv1j
GM Noir Limited Edition  English Willow Cricket Bat!!!,$295.00,https://www.ebay.com/itm/GM-Noir-Limited-Edition-English-Willow-Cricket-Bat/273896112697?_trkparms=ispr%3D1&hash=item3fc57b0239:g:qOsAAOSwcHhdNYTh&amdata=enc%3AAQAFAAACYBaobrjLl8XobRIiIML1V4Imu%252Fn%252BzU5L90Z278x5ickkY3FSd4Ad8xn3oRtkVexxrAazvjvZLYJ5EEStdBw95JvhA6qfbjzq0a2Biiq3d%252BviN60AQcGgh71HDHB8F4QRr5n4EehlpVynVOLM%252FTmp2kUrGQjoX4LEv38CUheoHCag%252BpHbfjIbFDDlyrcuV2y8qfak9Higl0JFUrm5i5iAgTBM3vYaCXmK4sjaf8xnwVe4yvYUxrupWIF%252FZWaHBrTzJjKqmwnhkwwAq1mlmiW2Kx7CGnPSOaj5QsG28bklQLTe9EwGrVitWR1D5ElWc4VC5MzWwFHEvHlf0K85BPM%252FXDNsqdwpoLyad37%252FIDNkX3sGEl1N8B6ayg1gG%252Fwa%252FI%252FrbwwoDuDNGtsrCMIgpPceyumm2sgCSs1sFfMTNwqzAxDYAMSINhvVCRHBHHO%252FiiGhbU9%252BGpQvy47NTjS3J%252BT%252F6k4TMqAzUn4FZRvEZ1%252B%252FPsKZB2ECL2SxDcY684kjXiom7OgVuyJ%252F7ahevCq1m%252F0T9FtgK1y%252FFbhentqHS2erv%252FUaU6SNP7mRLmdNcOljJs96rYQYApDhml5pJs6aP3lq4Nb4B5BEMv53INhyyO4HTS6YICE%252B94VS5qH5WgmugT%252FHXMGAKzGgemuohkuHg7j5Y5gknt02bFtF4UFGhCDzy0TeJpIWwpCg3cnmzeJNj9ouE06zLWaGYdw4brhC3YtZuoJw9p1kMD8RVT8%252B7yknhDJ5Ww5yn1u8YHWRHACQ189aFTXeEWp%252FMg0EliukIUkD1xBXdwDDijxZMXb10ZurqhTY%7Ccksum%3A273896112697059406f08dec4ee88629e89988122549%7Campid%3APL_CLK%7Cclp%3A2334524
MRF Chase Master Cricket Bat - Players Quality Willow,$450.00,https://www.ebay.com/itm/MRF-Chase-Master-Cricket-Bat-Players-Quality-Willow/124163427513?_trkparms=ispr%3D1&hash=item1ce8b78cb9:g:-Z0AAOSwzZFeGPbC&amdata=enc%3AAQAFAAACYBaobrjLl8XobRIiIML1V4Imu%252Fn%252BzU5L90Z278x5ickkp2NA0WuhQytmt4dbStg00I%252FAB8ms49RJTs9ATOWy1R9bxUapbrpuGru5kGYWtHmZxoL8PPnoYEr2gbC%252FZGMAIo%252BeNUQ%252FgkeeVG%252FF4nZXbKwn6Brdg%252BsvCOKK5%252F6cLaTg14u7SDjSNQr%252BFlWNBFvJs15sExJNnBVd3eenTuCk9iktEfFvnerjz11g16H2zgMVXRZa%252BPmsZ%252BcXgrJMjBzTpcP7sqWchtOo9KoTF5vvf4cN3YnGj5knFyKYqYRHhreW6Xa%252F69l0zHxul3QD4UlsrhA2qrMnpetJcYNpBilUT2ltyT4Rsw0quUWIGGCNwW8uTTeaThbftmi3Is12Jt7PynZIMe%252BqK%252BB5fJzITTQu%252BceONsewKsP6Ct%252BzWT7r%252BbF3fOaRgKemFB65hvyu3pRIb6iWuZPbZ0Y%252BbE1cLltZOlPq6Mf%252Fx6Hm7jpd0w0gb0P6V1LhCXEL5SMgMKDa2lJbZwTmMUz0M2Pwnh8abIse5v7vupnOlmGzmDmD1y4%252FC3DYB3xmeBmPDgDIbuL%252BSPaZWf1mE83oJNIal0zR%252FdoO5x%252Ba%252FovftA3Ar8eWXR9sq4lk%252FPWX6Sx0tysUzTzoztqOy1kn%252FbuF4cZxODElExg1MAYYrm0Iv3jQO07tVy9Az57XfT0nF4bblwDuABMUb8V0CE%252Fm5ie09l3BvpW415XftTdbDtRvg759jNgKHG0zUgV8Epx2LWh985kIqPbibVrB2I4mwdGQINhjKc6oPyjbojEIYN%252B1YW9WQZw%252B8y2eDL83%7Ccksum%3A124163427513059406f08dec4ee88629e89988122549%7Campid%3APL_CLK%7Cclp%3A2334524
Kippax Colossus Player Edition Cricket Bat ,$400.00,https://www.ebay.com/itm/Kippax-Colossus-Player-Edition-Cricket-Bat/124078916807?_trkparms=ispr%3D1&hash=item1ce3ae04c7:g:-nsAAOSwXTZeQZlh&amdata=enc%3AAQAFAAACYBaobrjLl8XobRIiIML1V4Imu%252Fn%252BzU5L90Z278x5ickkp2NA0WuhQytmt4dbStg00N7EjlfIHH5ug9UalBIKxYvaRTohmjzOV%252FCfJK13skFmU2L7XgcAeDBqTO5qu4QWzYZR6mPffVXoCjah%252F5w42kSmUI%252Fs5a%252Be0djvdilQ1QSAfT%252Bqr8zHnOYCvefv41TMIA2oywAtgaFtmhMdxaFzo4nRPazxFLwy6O7MRq8eDOl9%252FdcNJTpVX3%252Ba6m3PMwivkfoXlPS769mCDPR7uIi4Rr3WBsp1XmxSsCgziW68dRIaRure7mypbDtxbhmLjfdqOSAWuKU7yRzpagSVrIKBsTuD1ZeazANe203%252BTNRl8yQ6w%252BArs08loGp5hPE%252F%252Bu8Kakt8RSvhhnnbMUj%252FiYNhmvmq98RsV%252B73M4SRTvviGIueT7gXYN7HDR9f2ILbvmggfosou7OzmppyIeoOETqVgH%252BGXQbp1I2LDsfJe6kMF2nxTNd31FFwy39YgDA0ss0cznwOX5vjdF%252B5Ti13MxI6gKq8JwE5wprgBnvxhRInRlGL1UFI4WDRXwSe3FMquczrp9iczkAa0pySU2ZABZpQZ7vmy5fwKtf%252BRgSSvsuTsYtxf8UQNkYviEu1HUhKV270Yc%252Fck%252Fr0Nj78TTDTGHqOT0%252FumNWGKN1AJVrxhjSwV4sASEBHedv7qaQZyo3N%252FqkGhewNTw00ZG51xNMRDxSqFa1An39f0MGJe8p7usDOBHCRJMIJDWlRYXBBy6JvmQyH0Jb0t%252B5C2xYf4uefmgA0p7gDL86PAzlCOeH8BtVYB0co%7Ccksum%3A12407891680708c113da7b0142749a5d9c063cabd3d8%7Campid%3APL_CLK%7Cclp%3A2334524
New Balance DC1080 Cricket Bat - Pro Issue Bat,$550.00,https://www.ebay.com/itm/New-Balance-DC1080-Cricket-Bat-Pro-Issue-Bat/124256568952?_trkparms=ispr%3D1&hash=item1cee44c678:g:FdAAAOSwhmNfCeg8&amdata=enc%3AAQAFAAACYBaobrjLl8XobRIiIML1V4Imu%252Fn%252BzU5L90Z278x5ickkp2NA0WuhQytmt4dbStg00H9Nj1hXDKZqFN9GAXlqRFP1DkzRTy9w6dnuINEyDGSftAJOKrCUzK83ZTqykS002VqyC5W4C%252BxovMjp%252B1MFjSv%252B2YAfuYDAlc%252FNtLJgQeAsAaaFhkKDF%252BDSvznEp9pAAaWu4bXbzNt29XodOxhAOkOs%252FaQEfMxjiuBJ3HsV6BE9rlkDuAEWXuUBZyBTSMEadbnDVJVrmlpFW8OBJzd7piU%252FeJKkD1HiYCCf3UnsMD1gRCfPmWasrerZjVefTCGXdC1BPb5i8PurdEx%252FuOK%252FJ%252FRTXPL7YoJkwKHrZnqmfs9IeJkQ5CgvwLPnLaChWtDdt5ee6%252FgWl%252B8Qc8nUyBRe6jNybLyrQinS%252FflPQuLaBbanUU%252B3ifkeockYJ5LV4q8r5DriXM%252F3MD8h5W8QZSP89OaTAPlP6Wqh%252BcSkG5DvAezxoteBUv6fE13FkDe%252BBM8Y4SVbqEl%252B2iLAZNPDLOO45Bv%252B7otlLtcBoSc7eAWFt58X2BjeK9qY43dT0%252BBoIJ%252F2ANXvuNsSztEspvbNL4jqF9Rfo6ktaWSpa0k6UFsVTqjlQrhJ0iCUP%252BFlsvJOvOXa6cVbX68sgICbof3kpuVZtv2rqVaGmJg0R4T5ik5Bsm9%252Fj2c9hor98WfXUAGoJpJeU61D58pLX893JNnayC18iySAe7dZ%252BNG8u%252FjYLxAJcojFPY8jOFIFastx%252Bo0r5pvAdz0E7C5QkjCXJ1PpqaUtIqdzkBj67qxTHK4ycOA88%252Bky%7Ccksum%3A12425656895208c113da7b0142749a5d9c063cabd3d8%7Campid%3APL_CLK%7Cclp%3A2334524
DSC Player Edition Cricket Bat - SN74 - Sunil Narine ,$550.00,https://www.ebay.com/itm/DSC-Player-Edition-Cricket-Bat-SN74-Sunil-Narine/124253056719?_trkparms=ispr%3D1&hash=item1cee0f2ecf:g:vb8AAOSwUtFfBmzq&amdata=enc%3AAQAFAAACYBaobrjLl8XobRIiIML1V4Imu%252Fn%252BzU5L90Z278x5ickkp2NA0WuhQytmt4dbStg00K2lKRFdLExo5EE%252FMRwdtCQf%252FxwZIbwCNavELDrT0R1lzpbExCAMVMHDJ44hXt6L7lXeR8f4SY%252B9NJYw9eB8UfIP1x%252BWE6YdmtaKGAm%252Bhu4yBkEjknueOhj5FGb8ktPFdCxDv9pMvF2q5t%252BpTSsBLI%252F3n4mkZyoKxljtU8FCUqojW%252BBn5KTf5CyvN3hQhUZgur%252Fb5fZWsNou4MuIyvBwyDBdBq5ir2Ggx0YSCg6w39mmnwtNZDHLwrbtCeTOZTaUulGIMxbmqT0k%252B0%252FDfy6biS5uP0%252FrOt5rtjpI6sjY5w9v1WxVbH6aVlxM8mMIi2%252Fg0bqkEXd71zItMa59wrLDRw3VQegdMUXJuWDpKQozI3%252BTqZKbVWhnbZS47VFyRTqj8yOdtqvsv3WsFfxa14xGbKpiQTFdp00RGgL476dMq99XDhBy%252Feyte26P7vkqzcEKpx5D5DIGQGahf%252FyPdWLuZq82qBSg3NDEtxdOK%252B4aBHl5ejs9eZ9%252FJUTBZyiG8iHjORW0vgqJivioXOd5ti4zgwJ04x1rsyufSozL7k5qmtvvbGl28iIQqNIvMMLsCYDsw4aErMNI7cUHg5zrBX2sf7EYu3%252FPakC%252BrvKqvP0DABj4jN%252FwCYvm9tuXTbs8X03ScCknUIN6pnLVd1NeyayICXuYuPIl0Rov7ogyIbYQybLb35GEE5cTkoIbdbqgFy6vrbNi7ZIJOy72ax6P1hNWc98YdepRgcsyj8y8qB8XBj71%7Ccksum%3A12425305671908c113da7b0142749a5d9c063cabd3d8%7Campid%3APL_CLK%7Cclp%3A2334524
Kookaburra Kahuna Players Cricket Bat,$350.00,https://www.ebay.com/itm/Kookaburra-Kahuna-Players-Cricket-Bat/124381142116?_trkparms=ispr%3D1&hash=item1cf5b19c64:g:eeMAAOSwGyZeGAjb&amdata=enc%3AAQAFAAACYBaobrjLl8XobRIiIML1V4Imu%252Fn%252BzU5L90Z278x5ickkp2NA0WuhQytmt4dbStg00Lv17u7L654gIGdeXY46jh60gyRD7%252FZxyP7JhZaE0MWvOKuwpi8NwAgApuSqXXeQvpAuU4rNr2NSwpBG3WokaevZoCbrwNvtN9eQGpu73rtGu509q7Wri%252BBy3coufT3Wl%252BR1%252F%252FhADv8UCTXchoJipVYUbBOfn8MwsVBzK%252FngXMWSxQS4iVDBxx3aABSOcxDDzSoUbK4M2duHlxfIxCyLR%252FNX1BkPcW8uYGOv0wYID3z8O592uJUKJEeFywAEqnBOydqzDc0CIiVmPfgNqixCDQCbo66t0SsNhmNxyBS8EyOgTq0QJNTxWhTEtfMd%252FKA66j1vIbUN%252B04jtSqYqTX6hrSC%252F2EBjHWxeKpwbBtbXrTyQ4Mdok5YhqRmBVsAu%252Fd9IxpEsODn4rGbj8b5f4qoJb4tC5NIm%252BMCMzlENcWFiRaLLBTEYGMkBS%252Bs8hrUL%252Fcojk0F63U6ZBqsKmX5Rz65DLYdYMclh%252B2ojm9e0kfGi4Tc6mTqRsGt5UB9tJQdumNhbr6tv8BOB8sbQrDPljFvz%252BIiVbZiS2uNADfW3aKg773g%252BiT0whnTYcGWAwZmTj8sC2JsU6OnfJZc%252FqKsILU%252BPYGuDzZ3hc%252FMG4KHjUI%252FaMU1isq8wtH5LDy5weot38BUvEQiHUy8jYqab1DCnAvz1HtW%252FXkUWQHriv%252Bhz7b9LrkrGo8yfyRdO1HsQI4fpQCLnJndsCvZ50LBcI90TGXOudXieZ5YZiEYqOFB0pae9Py1%7Ccksum%3A12438114211608c113da7b0142749a5d9c063cabd3d8%7Campid%3APL_CLK%7Cclp%3A2334524
Laver & Wood Private Bin ST10 Cricket Bat,$250.00,https://www.ebay.com/itm/Laver-Wood-Private-Bin-ST10-Cricket-Bat/313262465384?hash=item48efe5e168:g:wV8AAOSwu0Bffw7D
Kookaburra Kahuna Pro Players Cricket Bat,$425.00,https://www.ebay.com/itm/Kookaburra-Kahuna-Pro-Players-Cricket-Bat/124040346176?_trkparms=ispr%3D1&hash=item1ce1617a40:g:AkkAAOSwRi9eGAqu&amdata=enc%3AAQAFAAACYBaobrjLl8XobRIiIML1V4Imu%252Fn%252BzU5L90Z278x5ickkp2NA0WuhQytmt4dbStg00B9KE8QfP1qbiq9DCtCtOE676tDIUnNX9fP1bhF6TdNEmO6q2dhTRhPTrm7Sg10kE2z11V2Om8Jl5tDMs8ro3pYfP5UBbZkfWWmhFXbElK4Y4XdR94r8mwFlGXXUQpjn4Varg9YPrsOFac%252BPN5u1L6%252BsrUOoPavtc2heV7irOjZljX2ytlPTwtlRmXfluifHjYZfn%252BAAQBDYc1lk8RMim57ivyDwkmSi4teiBHip7Cn6y8d71d3%252B6A02mFa6PTCsWQF9QauYh72kxrzHHXs%252B4%252BJR33vPWX%252Fm1vEh3TAKVlo0n%252FYi1UAHxYIWE7spPSVE5uwqrGKYO%252FyPWt5KOCYX8ys97X70A1Qe%252BrUGegRQPTYnzmKgfX0dkRvYOy6H7ddrICjR0NWf30JTK5AQOwAzd0l1Vd4HrPNK1ykk3bGPuES9dVM0%252B7X3s2iGlhd7%252Bo5uv1KY3HB%252FZNGMrNIJuy%252F3X%252FoG4cQeNSmdgJvaClwNaeYslH9DrCiAUPiKLn8GUKWGlk0G1I0zltFxr0u8yPOKSQjSpD4%252FiYZLhfsFiIuthieaNx7bXAYrAQq1IuBrp6BEWmSJufmidMgOSM9OsOEbT3gqRKGwr2axobWUU6plcoakdldJCd%252FE7T8MdT22tyDY3zhlrDM3%252BwHicMDCFU2Q9fHqEVvcRnutbRyHYIr8cPUotGpBCKlIYrwsCAi3b9UwxgDGKsPvrSatu2Btk5zjuD4jNDIXEQx7UoOSrnbZP61o%7Ccksum%3A12404034617608c113da7b0142749a5d9c063cabd3d8%7Campid%3APL_CLK%7Cclp%3A2334524
SS MS DHONI VINTAGE PRO CRICKET BAT,$330.00,https://www.ebay.com/itm/SS-MS-DHONI-VINTAGE-PRO-CRICKET-BAT/274436667759?hash=item3fe5b3396f:g:qjcAAOSwHX5djU6r
Mrf Grand Edition Unbelievable Cricket Bat 21 Grains,$435.00,https://www.ebay.com/itm/Mrf-Grand-Edition-Unbelievable-Cricket-Bat-21-Grains/274487767999?hash=item3fe8bef3bf:g:sTQAAOSwRk9fV4oe
Mrf Genius Grand Edition Cricket bat( Grand Edition VK18 EDITION),$289.00,https://www.ebay.com/itm/Mrf-Genius-Grand-Edition-Cricket-bat-Grand-Edition-VK18-EDITION/274299075020?hash=item3fdd7fb9cc:g:Q5cAAOSwn4FdRWy2
MB Gold Platinum Edition Cricket Bat,$579.00,https://www.ebay.com/itm/MB-Gold-Platinum-Edition-Cricket-Bat/274138167231?hash=item3fd3e877bf:g:mQEAAOSws-xd8PSG
SS MAXIMUS Cricket Bat 9 Straight Grains,$290.00,https://www.ebay.com/itm/SS-MAXIMUS-Cricket-Bat-9-Straight-Grains/274524873292?hash=item3feaf5224c:g:XvkAAOSw9lZffi2E
English Willow Cricket Bat Grade 1 Model Pro Emarati,$225.55,https://www.ebay.com/itm/English-Willow-Cricket-Bat-Grade-1-Model-Pro-Emarati/283229123876?hash=item41f1c57524:g:adYAAOSwr~tb0sHS
Gunn & Moore Mythos Travis Head Player Edition Cricket Bat ,$650.00,https://www.ebay.com/itm/Gunn-Moore-Mythos-Travis-Head-Player-Edition-Cricket-Bat/124304145110?hash=item1cf11abad6:g:9ooAAOSwgMpfPJjc
SS DRE RUSS BIG HITTER cricket Bat 100% English Willow,$325.00,https://www.ebay.com/itm/SS-DRE-RUSS-BIG-HITTER-cricket-Bat-100-English-Willow/303655082436?hash=item46b340d9c4:g:ya8AAOSwcylfN9w8
Robinson Sports Pro Edition Cricket Bat,$250.00,https://www.ebay.com/itm/Robinson-Sports-Pro-Edition-Cricket-Bat/124039194818?_trkparms=ispr%3D1&hash=item1ce14fe8c2:g:b8cAAOSwm6xeFtec&amdata=enc%3AAQAFAAACYBaobrjLl8XobRIiIML1V4Imu%252Fn%252BzU5L90Z278x5ickkp2NA0WuhQytmt4dbStg00GH6dvUoFk9QKJ%252FK8t6MoWxFDWADWvtLVTc3A%252BhAktbB51beDULdqtkLSyBeGJFjoat16nlLjftwjgt1LJrU01L6AEM69FQsCowLMqYZ%252FpJfDDFsdRu0njIy7dr0djfve88%252B9XmgagRySDw56Z41JnjtoAkmjzpQy4dHhVskTMiGdGtN%252FeWx1GrgeRelVdMRcagTisyOEvX49DvJtbH62d%252FtYtiqdjAugCwo50b3msW%252BAdoG4M%252FwN%252BjKsPj4YP4lmKSvo6L2EwyAMfFVPm0usHKPuAef%252FW46G4VkJkgMYN1nqI5TBJXfIpZvBBfcEZpIz0zFQcMcHkzlvD7vVnfirZIQq0uFCbtUmR6EU8eeOrFZIQqIrWf4Yo1l6SeeiWzkGh1QJ7KdvTsqx3qfj69kJaALAS2mAD3TLNGTRu7ZkQ0U9wGEat3ZWEAdsQG2WJtN9QgsoDWNIdDSiRdTbh%252FZ%252FzyWc3PCi5Yq4S0Ed3GklmZKjlmI63mvMacuFtD%252FicguPzQ13RMpyadVJGV9Bd7flRa9pWXAur92BmJO3ABtW%252Fc9bOiG1ycBx%252FIHKZQDCWOskkEmkLr4lFvKhNa4MCrRUPxD70sGu9BYINUtP25bwP2lUHqHpXU6xVTTMhBrZHvezt9i55kBlGZwC6%252BR0de1TRg4W4SbocjhLi88N0Zs0SXDvNLTUACd1FsZVUC3eUw3QHyTDbY2DLnwNuSAe1ciry1Y6hHkj%252Fe0H9H31ThXUSHW%7Ccksum%3A12403919481808c113da7b0142749a5d9c063cabd3d8%7Campid%3APL_CLK%7Cclp%3A2334524
Robinson Sports Pro Edition Cricket Bat,$250.00,https://www.ebay.com/itm/Robinson-Sports-Pro-Edition-Cricket-Bat/124074765144?_trkparms=ispr%3D1&hash=item1ce36eab58:g:mugAAOSwxW9ePN7v&amdata=enc%3AAQAFAAACYBaobrjLl8XobRIiIML1V4Imu%252Fn%252BzU5L90Z278x5ickkp2NA0WuhQytmt4dbStg00F1L0klY1TJzDMbOz4wrLqIcXC3M%252B3R8EjPoK219wJkThBhFSsfwzKfxK%252FFQPjQBU1%252BfXng%252BgPELs0FTZ5iv7aTd9P8snPipljc6cMpNQn3ZAOnucARpUDZsryK%252By5sP304ZmwrhdghU0ktjDClRJuw8mGZlOWkQW6XrDFzDb8zJnxwojkx3FETfSCNTe8I3mdnzBxsddD8GPKuhFRYvdVXCr5ILZE2PLQdlvGtcvubxJM0XSQc%252B15DdtEXBM44N2B0iDDwiYh%252FXxa0ks7NpIwTizrVRhr37VdFKVjZswFF8MkgfCZrCQeuUEQWOnaHs9c7XEQjcTzrlweAatEjYieSfu%252FSQrvd8aIod67ozK8rcKpmw%252BoJiAZPklaimk4IcMIuXTNcnETcCWyLpnOO4bWORjEskMWEjZoyTcJpeTnVEpoy9AMHi6vnDIiTytcCAWFzd2QS4PZU%252BCCYsKSgH%252FIWeLw6gY%252ByW8gtw%252FXXYflLSouOoXvHalCt0H%252FifHqUbqWI2YiKkerTzsAKoKDBEDhPrhzviQYxsxDUTuxaScLQCEMIzSeHnHiBK%252BRPt1xc9JSUvtwP24M0UMWDdv4bpAieWg%252BdO77gX%252BaMT%252FuVbn56pvU3wUoQGADA6jXoEAZCMPsFfdT9ahEZyiFYfhKjSorFeut6tJf%252BeNFkGpiF7t8rV0BNfDK2DaM%252Fh81Wkohh2Lu7RtnDcsbR60jjKuWcI5gI2E0zj2N%252Fooj%252BKzGJlqoEH%7Ccksum%3A12407476514408c113da7b0142749a5d9c063cabd3d8%7Campid%3APL_CLK%7Cclp%3A2334524
New Balance DC1080 Cricket Bat,$300.00,https://www.ebay.com/itm/New-Balance-DC1080-Cricket-Bat/124112669625?_trkparms=ispr%3D1&hash=item1ce5b10bb9:g:iKsAAOSw74RePNz9&amdata=enc%3AAQAFAAACYBaobrjLl8XobRIiIML1V4Imu%252Fn%252BzU5L90Z278x5ickkp2NA0WuhQytmt4dbStg00A11i6ixpIu5MMkcwgZmnkSDsBcdahu5oUeOsXSZb4S%252B2B1TgLQnjzdPDvW7X4cbzKALISWLXv%252FZlHiXTKSNHjmqwMjA5TVYI1FPTa1X3wUw1EiYYWW60phtqdhvIbz5CysrfJg5eTpQhS7ZCwOy268bndZiBUkvBrWNoAZJplcqfJEopakkjnYDxOwVPbz8eJ32FrcYsQvfo9o5wNo9IMtYPjORtRcKQDJ0v9sAXeQQF8tMIRXT7ywbt9fx1UR95IpjouP1L1MdFjB%252Bxtalw6pougVTbxCM%252Bf5mfDm47w7e6MKLyrC3PnXZEb41egs1ati8DuTJ%252Fh43Cn0DlXi%252B94sxlI7QHdJaH8Y1KQywDGXQJY6VslDgl%252F0nYQknElQK0aGRMh3ifRjkUNOpPO02w6bEeyeUwn9B4lhdxYvd05y%252BGfT1PP5inJLEAd%252BMtJRXcRrn0qkBU6yXOZAhZmBvRtc7nvSsbaroNT%252FppIlssiS1yna2SmS21Ozj3%252BEnaelgRQCNC7kC1WgT3cq8raLKNHmj3e9BYxpWRMfnn%252FqDqZCt5ZBY3A06Ke%252BHqHfE693EmNhMuUFyGYyw02amjGaK1FMS6fxhs3XOCqq%252FVF9lrsRtiV%252FRcejZtD88kc2m%252FyF1UHsaciWZikT4Vn6mAbjKl%252F9YmdgsVQtj03aDRxU25WOd%252BofjzTLIuOf8GlL%252Ba5R56Fd3micjLNvoNdvTHKnKsUXgmutVeEfodBNjkXQ8iPUO%7Ccksum%3A12411266962508c113da7b0142749a5d9c063cabd3d8%7Campid%3APL_CLK%7Cclp%3A2334524
Robinson Sports Pro Edition Cricket Bat,$250.00,https://www.ebay.com/itm/Robinson-Sports-Pro-Edition-Cricket-Bat/124042380301?_trkparms=ispr%3D1&hash=item1ce180840d:g:B0AAAOSwRi9eGgZX&amdata=enc%3AAQAFAAACYBaobrjLl8XobRIiIML1V4Imu%252Fn%252BzU5L90Z278x5ickkp2NA0WuhQytmt4dbStg00D3UBoztXu3Y0Hrd2rj2x0d1YZrv96v4h6iQ9EaRpX3KHU%252FvK7ZEJGM809go7wr6V0Sy9OWPBJ%252BYzmKInUypJ%252FRmPwieMgi4SmoYYDW0FgdNUUgMhmONOzg2YB%252BeTN98Nv1eeQiJjf4OBp4aC4n4N0au%252BXYX2PUO9GXLERMCUKNjdJnjtAi1WzETIURLBbslmdD114GiGL%252BnQjbi5D9tUmQDH%252BwSbpeUhXfDazmGC8BdtCExtKwF%252BsbPeplT7tyv9r3fc4i9nM2Iez5IWexVC7Qx1ONZoYgJRR8YT3uJGLRq8pu428LmfL7cDdYiUjl8fBP63cHglAeLI3PrmB89RGczvzNU5TMWQocMst1L2G87F2yvRcx%252B%252BDqs7W4tyWs3yWo4jGHO9MvuWVOSUFDyMrQCh2y4gKVGjEhQv6%252BVJVWr2SUTm0ckFivyBgRynXLQ8cecNut4ZTLpcJ0S7otjvhoWkntTQfT99jnhwAcnUfizTbH3MdobrtEPG9bXxMGzgt0IfJBaluvIeN4KU7br1y%252Bt4%252Fw3GSc1d%252BftAEGq5Ig7S4xNrtFNw%252FiErvEVR8v65q7HWIpSYFPyrCtjHRE6onbQmCvrf40oZ9C2D%252B4m%252FyUVLAN5cNFL1FSNyDKRK8pDOg%252BCCBfH48NnR%252FVxDsmiBPF49enQCBhXUdgIpg6XkcZ8G9anvcJETVRvm%252BSYMe1xC6ry7%252FmvsrqTgUb%252Fa0vhjYnRdtwTZfX0zzDF4aG2MSzH%7Ccksum%3A12404238030108c113da7b0142749a5d9c063cabd3d8%7Campid%3APL_CLK%7Cclp%3A2334524
GM ICON-606 English Willow Cricket Bat!!!,$400.00,https://www.ebay.com/itm/GM-ICON-606-English-Willow-Cricket-Bat/274422563938?hash=item3fe4dc0462:g:GjoAAOSwnyVfBrGJ
Cricket Bat Premium Grade ( English Willow)( RSM Pro Emarati Series ),$179.00,https://www.ebay.com/itm/Cricket-Bat-Premium-Grade-English-Willow-RSM-Pro-Emarati-Series/272905219687?hash=item3f8a6b2e67:g:HPkAAOSwT2dZ9Guy
RSM CRICKET BAT MADE WITH PREMIUM GRADE ENGLISH WILLOW,$178.00,https://www.ebay.com/itm/RSM-CRICKET-BAT-MADE-WITH-PREMIUM-GRADE-ENGLISH-WILLOW/272789292368?hash=item3f83824550:g:ka4AAOSwbl5Zgx4o
Gunn & Moore Miniature Cricket Bat Facsimile Signatures Coronation Ashes 1953,$65.00,https://www.ebay.com/itm/Gunn-Moore-Miniature-Cricket-Bat-Facsimile-Signatures-Coronation-Ashes-1953/114407269296?hash=item1aa33463b0:g:p5UAAOSwzqJfXs6u
MRF Grand Edition Bat English Willow !!!,$299.00,https://www.ebay.com/itm/MRF-Grand-Edition-Bat-English-Willow/273892466314?hash=item3fc5435e8a:g:veAAAOSwWnpdBw~F
"SPARTAN MSD LE CRICKET BAT, 17 GRAINS Prominent, shipping free",$350.00,https://www.ebay.com/itm/SPARTAN-MSD-LE-CRICKET-BAT-17-GRAINS-Prominent-shipping-free/274487771092?hash=item3fe8beffd4:g:DJYAAOSwBXRffiwP
English Willow Cricket Bat With Free Gloves & Scuff Sheet,$199.99,https://www.ebay.com/itm/English-Willow-Cricket-Bat-With-Free-Gloves-Scuff-Sheet/283227258684?hash=item41f1a8ff3c:g:a8kAAOSwW4tcQA6f
"MRF Genius Grand Edition VK 18 Cricket Bat, worldwide shipping free",$389.00,https://www.ebay.com/itm/MRF-Genius-Grand-Edition-VK-18-Cricket-Bat-worldwide-shipping-free/273953438490?hash=item3fc8e5bb1a:g:y8sAAOSwXvRdRDUU
Cricket Bat Premium Grade  ( English Willow)   ( RSM SIYAM 2K17 Edition ),$168.00,https://www.ebay.com/itm/Cricket-Bat-Premium-Grade-English-Willow-RSM-SIYAM-2K17-Edition/272905226228?hash=item3f8a6b47f4:g:spEAAOSwSrNZ9G1w
SG RP 777 - Pro Cricket Bat,$550.00,https://www.ebay.com/itm/SG-RP-777-Pro-Cricket-Bat/124247551068?hash=item1cedbb2c5c:g:Sn4AAOSwlDdfAOJk
DSC CONDOR PRO ENGLISH WILLOW CRICKET BAT !!!,$339.00,https://www.ebay.com/itm/DSC-CONDOR-PRO-ENGLISH-WILLOW-CRICKET-BAT/273908356722?hash=item3fc635d672:g:ml8AAOSw8PpdFjvY
CRICKET BAT STICKER WITH EMBOSS+  2020 Model,$12.99,https://www.ebay.com/itm/CRICKET-BAT-STICKER-WITH-EMBOSS-2020-Model/254699312653?hash=item3b4d43160d:g:q0IAAOSwdv9fRPua
CRICKET BAT STICKER WITH EMBOSS+  2020 Model,$12.99,https://www.ebay.com/itm/CRICKET-BAT-STICKER-WITH-EMBOSS-2020-Model/254699312996?hash=item3b4d431764:g:7gkAAOSwSaNfRPvF
H4L Hell Fire Pro - Hell4Leather Cricket Bat,$400.00,https://www.ebay.com/itm/H4L-Hell-Fire-Pro-Hell4Leather-Cricket-Bat/124316059036?hash=item1cf1d0859c:g:dfEAAOSwTmlfAOBi
Kookaburra Ghost Pro Cricket Bat,$299.00,https://www.ebay.com/itm/Kookaburra-Ghost-Pro-Cricket-Bat/303679412646?hash=item46b4b419a6:g:GNkAAOSwvChfUgFE
CRICKET BAT MADE WITH PREMIUM GRADE ENGLISH WILLOW  ( RSM Siyam 2k17 ),$168.00,https://www.ebay.com/itm/CRICKET-BAT-MADE-WITH-PREMIUM-GRADE-ENGLISH-WILLOW-RSM-Siyam-2k17/272789297420?hash=item3f8382590c:g:jjIAAOSwiiRZgx8O
RSM PRO - EMARATI SERIES CRICKET BAT ( ENGLISH WILLOW ) HARROW SIZE,$175.00,https://www.ebay.com/itm/RSM-PRO-EMARATI-SERIES-CRICKET-BAT-ENGLISH-WILLOW-HARROW-SIZE/272905254585?hash=item3f8a6bb6b9:g:QXMAAOSw5VtZ9HO6
CRICKET BAT MADE WITH PREMIUM GRADE ENGLISH WILLOW  ( RSM Siyam 2k17 ),$165.00,https://www.ebay.com/itm/CRICKET-BAT-MADE-WITH-PREMIUM-GRADE-ENGLISH-WILLOW-RSM-Siyam-2k17/272789300386?hash=item3f838264a2:g:928AAOSwhSVZgx-5
DSC CONDOR PRO CRICKET BAT+16 Grains straight+worldwide shipping free,$320.00,https://www.ebay.com/itm/DSC-CONDOR-PRO-CRICKET-BAT-16-Grains-straight-worldwide-shipping-free/273959236594?hash=item3fc93e33f2:g:KaMAAOSw9yldSByh
"Vintage 1930s Gunn & Moore Wood Cricket Bat Cannon England 35"" Display Antique",$191.25,https://www.ebay.com/itm/Vintage-1930s-Gunn-Moore-Wood-Cricket-Bat-Cannon-England-35-Display-Antique/254725145842?hash=item3b4ecd44f2:g:6kUAAOSwi~dfaDYc
Kookaburra Kahuna 1000 Cricket Bat - Pro issued bat. ,$425.00,https://www.ebay.com/itm/Kookaburra-Kahuna-1000-Cricket-Bat-Pro-issued-bat/124041397979?_trkparms=ispr%3D1&hash=item1ce17186db:g:dlUAAOSw7UBeGPzX&amdata=enc%3AAQAFAAACYBaobrjLl8XobRIiIML1V4Imu%252Fn%252BzU5L90Z278x5ickkp2NA0WuhQytmt4dbStg00NXWomckv0GOEAH5fyT7mt3as57%252BFiY%252BodpSm%252B4EbLW7lailiYZUC9HA9BQCMVc7MzfyP0Qzxvq4oamJoaGNdsv2mZxICzFFwWU4bgDVogS1V2uMiZXP%252FzTqXSf%252FwD7QZCEyLneaJL3Bg0CFkCZqFml6kL2fPNCwxkM15s4gqPz7YPQwY4txBOpzq1ACI2xGXt86djZ1ZorPTdLFNsgpEzbDMT1MDFDEz42Dgtce1kXrThhNcHCRTtBzH6dfvOr7ppVDDEDocOnBMX8OAzaekwGk7toBlL5bpcU9gRA6jiqIYwlbWVlxvRm8dxz29YEjTmw%252FNWYbmUnFY421ppPo2Tc%252BtcJb1CSweN9oPE%252FMTXxAjwKgBOivXBRaGC3%252Fnl7w6Y3%252FECQTS7iSxzk07HITV%252B717dfPCbpm9SibR5itIEN5ut3O%252FOzFcEr7rU6DZYifPVJZsLQIgvQfNuUfzW2s%252FbUKTqIIWA2cn9hDF82Hsn1LkoRaJ8uOS5RYIzKLwSIvV2T8BaGVIYeMcTJvCnCxakZAKEtXVnzoQewAltwbVnJEs5Fys3bLkXK8Aw9prPz6SHicF5gCNgbDrfdVk9YKkqCifMI0BTywIWneUnfvdS4%252BO%252FCIcPMTNWjqcP%252BjgOCrnSUtRemMOaNf63kiZuZ5D63QRvBqUtL1xW2iS50PxtnYCaXuBXLVZkuEefCdc7G6UHZaG6zgiqqVayUKPuFF8lCPBZf8MNpQt3o1LiDQm0Yw%7Ccksum%3A12404139797908c113da7b0142749a5d9c063cabd3d8%7Campid%3APL_CLK%7Cclp%3A2334524
B3 Custom 3-Stripe Cricket Bat ,$350.00,https://www.ebay.com/itm/B3-Custom-3-Stripe-Cricket-Bat/124040333365?_trkparms=ispr%3D1&hash=item1ce1614835:g:UO0AAOSwkUxeF~9e&amdata=enc%3AAQAFAAACYBaobrjLl8XobRIiIML1V4Imu%252Fn%252BzU5L90Z278x5ickkp2NA0WuhQytmt4dbStg00HDDly8rm8wLBLr5asXqy1Ng4Fip42fkYjAuB%252BoB9mpO%252B9fxmzhla%252F4xuQDYjFCv6ObuzrhEYIbz%252FrFS1At3u9o3BZPaEbUJj8jM2%252F1mfmgeAeh551IHmbGlyId42xVFt8ajsKVGvIr5KuQaAY9m6mHfH4m4A3Smg8Np4duven5Cd2zgEBxtwnKVvpqD%252Bxsuc6k2hAHEAuPrlE37JpGPWrqcbuEZ7tZrm32%252F3Jj2IGaU3fKG2T79AA7wSwLAQfIxlCCP%252BRpnPNAkiSHBKv%252FK9X7ybGiNJsaXxslhUUM0Ky6znr3X7gSaDNCM73oKKVCJQMgCxwutn%252Bopd2eGZgXjAkn%252Bc2M%252FYVEkTps4aftSufs61AcaJLHzBZaMc6oKQVIEreV%252Bt4Zh25PzhRAqWWNO3ZXfFXGe5bz3xWvNGtGsqb1W80M4Md6HbLtSR78xxCQ%252FnUvPnoKx%252FVJbkPaF31Yvj69tEzGwV5FUb2cUJDMqSGCq9svwXXt9iYPjw5hdMnp67kSo1fmh%252BkhXisO0Jx%252B81HkoUou0pe2TsCMNpj0Cplt0S5wUrm6SZJYdewPjhXnu4leJPLTU2cjwy0ieIpHmFFaO4inE46BcwXKkv%252BkNRBTSQkXLOrNlYJv4Y96Z1LIiJEt65iAfcjWQ2IJhJUgMDyvnmP4osHBBMt%252FV7f84aiO4r12sJz%252FaedfYBOZzKZqUPYpc%252B%252Beg7HyRz%252Bsl7iMypKk2aMRCjXS2uWAhrltUx4wE%7Ccksum%3A12404033336508c113da7b0142749a5d9c063cabd3d8%7Campid%3APL_CLK%7Cclp%3A2334524
CA Plus 3000 Grade 3 English Willow Sort Handel Cricket Bat,$129.99,https://www.ebay.com/itm/CA-Plus-3000-Grade-3-English-Willow-Sort-Handel-Cricket-Bat/283717453091?hash=item420ee0c523:g:zLYAAOSwZCBd~RCD
Gunn & Moore Mythos Travis Head Player Edition Cricket Bat ,$650.00,https://www.ebay.com/itm/Gunn-Moore-Mythos-Travis-Head-Player-Edition-Cricket-Bat/124304145109?hash=item1cf11abad5:g:X7IAAOSwh6NfPJiT
CA PLUS 15000 ORIGINAL DOUBLE BAR CODED ENGLISH WILLOW BAT,$299.99,https://www.ebay.com/itm/CA-PLUS-15000-ORIGINAL-DOUBLE-BAR-CODED-ENGLISH-WILLOW-BAT/283227266980?hash=item41f1a91fa4:g:ZokAAOSw8Gpb0Vce
CA Plus 5000 Grade 3 English Willow Cricket Bat - SH,$139.99,https://www.ebay.com/itm/CA-Plus-5000-Grade-3-English-Willow-Cricket-Bat-SH/283717460505?hash=item420ee0e219:g:e1YAAOSwqUld~RSU
English Willow Cricket Bat Short Handel | Grade 1 Free Bat Cover Free Scuff Shee,$149.55,https://www.ebay.com/itm/English-Willow-Cricket-Bat-Short-Handel-Grade-1-Free-Bat-Cover-Free-Scuff-Shee/283991586718?hash=item421f37b79e:g:HGIAAOSwA~VfR2Km
CRICKET BAT STICKER WITH EMBOSS+ CHROME COLOR 2019 Model,$15.99,https://www.ebay.com/itm/CRICKET-BAT-STICKER-WITH-EMBOSS-CHROME-COLOR-2019-Model/254189832179?hash=item3b2ee507f3:g:KUMAAOSwMupcp1sV
Kookaburra Kahuna 1000 Cricket Bat - Pro issued bat. ,$425.00,https://www.ebay.com/itm/Kookaburra-Kahuna-1000-Cricket-Bat-Pro-issued-bat/124373215308?hash=item1cf538a84c:g:J38AAOSwkoleGPp-
CRICKET BAT STICKER WITH EMBOSS,$9.99,https://www.ebay.com/itm/CRICKET-BAT-STICKER-WITH-EMBOSS/254726418916?hash=item3b4ee0b1e4:g:B5AAAOSwgVZfad5B
CRICKET 1884 PHILADELPHIA CRICKET TEAM MEMBERS CRICKETERS CRICKET SPORT BAT BALL,$145.00,https://www.ebay.com/itm/CRICKET-1884-PHILADELPHIA-CRICKET-TEAM-MEMBERS-CRICKETERS-CRICKET-SPORT-BAT-BALL/400483311384?hash=item5d3eaa5f18:g:8CEAAOxy6-tR7tH0
2019 SS Cricket bat 12+ grains,$355.00,https://www.ebay.com/itm/2019-SS-Cricket-bat-12-grains/183895239765?hash=item2ad102ac55:g:Cf4AAOSwdiFdNkE2
Grove Royal Maker's Choice Cricket Bat,$450.00,https://www.ebay.com/itm/Grove-Royal-Makers-Choice-Cricket-Bat/124248434342?hash=item1cedc8a6a6:g:DJMAAOSwwE5fAflW
Gunn & Moore Mythos Travis Head Player Edition Cricket Bat ,$650.00,https://www.ebay.com/itm/Gunn-Moore-Mythos-Travis-Head-Player-Edition-Cricket-Bat/124304145115?hash=item1cf11abadb:g:ir4AAOSw66RfPJp7
Gunn & Moore Cricket Bat - Mogul F2 707 - Made in India. ,$180.00,https://www.ebay.com/itm/Gunn-Moore-Cricket-Bat-Mogul-F2-707-Made-in-India/124395427995?hash=item1cf68b989b:g:HIUAAOSw3DteOatS
CA PLUS 10000 ORIGINAL DOUBLE BAR CODED ENGLISH WILLOW BAT,$199.99,https://www.ebay.com/itm/CA-PLUS-10000-ORIGINAL-DOUBLE-BAR-CODED-ENGLISH-WILLOW-BAT/283227269881?hash=item41f1a92af9:g:hMcAAOSwr5db0Vix
Gray Nicolls Halestorm Cricket Bat ,$450.00,https://www.ebay.com/itm/Gray-Nicolls-Halestorm-Cricket-Bat/124348598887?hash=item1cf3c10a67:g:EegAAOSwLE5ekjP4
CA Plus 2000-English Willow Cricket Bat--Hard Ball-SH- 2lb. 8oz,$135.00,https://www.ebay.com/itm/CA-Plus-2000-English-Willow-Cricket-Bat-Hard-Ball-SH-2lb-8oz/283717442102?hash=item420ee09a36:g:YM8AAOSwZ3td~Q0l
CRICKET BAT STICKER WITH EMBOSS+  Chrome 2020 Model,$15.99,https://www.ebay.com/itm/CRICKET-BAT-STICKER-WITH-EMBOSS-Chrome-2020-Model/254699316408?hash=item3b4d4324b8:g:XYYAAOSw0glfRP2J
Spartan Eoin Morgan - Steel Limited Edition Cricket Bat,$375.00,https://www.ebay.com/itm/Spartan-Eoin-Morgan-Steel-Limited-Edition-Cricket-Bat/124287269878?hash=item1cf0193bf6:g:iHAAAOSwGf5eObJ5
Gray Nicolls Pro Performance Cricket Bat,$375.00,https://www.ebay.com/itm/Gray-Nicolls-Pro-Performance-Cricket-Bat/124041419303?hash=item1ce171da27:g:wkIAAOSwc7teGQgA
Gunn & Moore Mythos Travis Head Player Edition Cricket Bat ,$650.00,https://www.ebay.com/itm/Gunn-Moore-Mythos-Travis-Head-Player-Edition-Cricket-Bat/124304145111?hash=item1cf11abad7:g:rY8AAOSw~uVfPJkj
Gray Nicolls Pro Performance Cricket Bat,$375.00,https://www.ebay.com/itm/Gray-Nicolls-Pro-Performance-Cricket-Bat/124041420156?hash=item1ce171dd7c:g:UHQAAOSwPqZeGQiC
Kookaburra Ricochet Players Cricket Bat,$350.00,https://www.ebay.com/itm/Kookaburra-Ricochet-Players-Cricket-Bat/124163427499?_trkparms=ispr%3D1&hash=item1ce8b78cab:g:t7wAAOSwsxFeFsUl&amdata=enc%3AAQAFAAACYBaobrjLl8XobRIiIML1V4Imu%252Fn%252BzU5L90Z278x5ickkp2NA0WuhQytmt4dbStg00IWmwNHLrAINVHqF4mljPNiauQVvuC85Z9olbteB0GDr7sqmETMHbDWPq%252FwVLp45a%252BVRlZe5T%252BPCdmWB0JIPTdL5AKpfsDZLP8aatvJnicg59HnpU1D4IQJYgPcYnLm2nCl5Mf80PyYe2KCdRdA1t5Gp6vzUp0X6tNfPC60sGqdXgxR4K22%252FSvW9s9LxdsWQdca5oEqizX1l05WSOER9gu%252Fy1%252BlI3I0zt3b388lcPQbSsxvT1vVJDmweRs8bjvV7ZLecKjTXqIGnsXH6Sgtn2f5V%252BPYfwsD7l7j%252B8rDDkSUO9dQWt8u9ErbhxvHvM15ytfzKp2t6FkovRamo8ir0TdgeeOCOD1csIZCYxU0gM2HjapF9e9R9Pr%252BTFBBcIfMvWTW5yN3S8L5rx0XFda4hmqe0ZvXUrw653wfM0Fk%252FbR8fp0DzVoqRQ%252BloYkLFF57ZUx8nLJhqql4%252FPodaYbxNg7iCQMstFVdOTfgpdAgDL06%252BsyEqcCR8A8jhujz8%252Bp85l9BWM3MmO0OwpXZe5CeNx4ZjtTqLIifqtcha%252B1lm4QzY8vc66sg%252FfWZXxDHeV82IQ9KXrKWa993vSEuLOXrSz9Io2Ntu1ryEWHLo%252BN6Ld8a1V4gHfqMrts4sKTbr7y9cr7T%252Fji2L9h5w4vashKEN0lYCCCkeWKv8lwcCE4%252B6DhCjn6E31ar2YKOfKtfuPEGIF9AIXZTwACrSAZEHeX7eJlGHNDunx8g4jXYLAsygqrI9%7Ccksum%3A12416342749908c113da7b0142749a5d9c063cabd3d8%7Campid%3APL_CLK%7Cclp%3A2334524
Kookaburra Ricochet 800 Cricket Bat - Pro issued bat. ,$425.00,https://www.ebay.com/itm/Kookaburra-Ricochet-800-Cricket-Bat-Pro-issued-bat/124041379439?_trkparms=ispr%3D1&hash=item1ce1713e6f:g:-1oAAOSwtPReGPyY&amdata=enc%3AAQAFAAACYBaobrjLl8XobRIiIML1V4Imu%252Fn%252BzU5L90Z278x5ickkp2NA0WuhQytmt4dbStg00PKcZ4Xg6WoxXDJ%252BLRMoTVZobF0VPQblZ2sPgikbrp1LyewbeKb%252B1DdSR%252FgyZ8%252BnCHGGbyuTz9vaP5uJ35WqGutGHO5Mwbj3cyakV0naAc2g0UelXwKouS795PGDlvQ0Rlvwty7hT6TiqwpIFlC8LmUPCJFeolfjA84nR5IX3l6VXZ%252BdssgKLC%252FLrIUYVO9uf10ICStVV3IlULw%252FDIC3%252Fyu2tx1muFTMqUAXz5skG6qBFx0ftD%252F6iTe2hD4L0zBcbo8ta0GoUgqQ9K9XiZPXA0xEpbbwpgBWU6ipy4%252FkrIhO8m%252FMmJ4T6NxGqLbVXnEVx1F0Ft0o%252BIETdO1%252BCrDTJ3%252BOlF1h6UfigX48K2rCWqQX8J5270vYzBT39e4nDQ2D8aStKRblxB%252FTmOZbfSK73FCxkxIAL5RvxTZRZjtKUw4OhettA5AWtzp9vJBwKIy0gsjUyrOeHDoIzbQntKTEnYsnd0krqXKmUwitwBXq%252FwVM4Dwo9cJgXcIJ8Fg5V8ZDluX3d2RT9nLWy3NNCSrtLyQkrXQ3BN3TDhQ%252BCdz25b7lNMRI5UAnvVGohV6u8oh3gFR2%252B1WBMfwNvhnNjdbOxrHikg7E%252B9NLk90CiiV1YC42mpYb0S%252Frp4c4LL4mBA7jMK3i7mpRcO%252FdawjsSSXRK5jsSFgVU3dn45Kt8rA3swmRzZFj3vif98%252B8l13zd7dtK6lxevhrdpJFGeF7RhXbqXzgjZAVuySw8INHeaJuGh32%7Ccksum%3A12404137943908c113da7b0142749a5d9c063cabd3d8%7Campid%3APL_CLK%7Cclp%3A2334524
Kippax Colossus Player Edition Cricket Bat ,$400.00,https://www.ebay.com/itm/Kippax-Colossus-Player-Edition-Cricket-Bat/124078917403?_trkparms=ispr%3D1&hash=item1ce3ae071b:g:kLsAAOSwXA9eQZmo&amdata=enc%3AAQAFAAACYBaobrjLl8XobRIiIML1V4Imu%252Fn%252BzU5L90Z278x5ickkp2NA0WuhQytmt4dbStg00AXRMYkJfz6NwHZYUV9sudPKWUvCRhJUqvaA3h%252BBdmfHN0oXL4tL1AMaAW5cGyxVNf489JnmjN7JqUhgZ03peuaj3D79ArR6N1G4p0maD20H7H10JhAMrdsufmlaCCP5hgBaekwxVlwo5u%252FLuJgJThHy5NV3ADXROiCHH44iWCXZlxfHr1Ga%252BhPXSeDr6as75qi6yQ9sbpnSuysdOBWLQ0kWi1hUgPxXvPzWVijA1x6UGy83mr37IynukMkv1f9TtstjZ8KcPJt6lZwN7VOYhUTUurZN5p9zQJE7%252FW1J5G2XtX0rGZGZg2kalbYVBArE05wAmCeSBf%252FVJnmJYXfUmgMC0A6xO2G3y9Eal7e3Oh0qHA4rQbPPzIpRv4r06aeoA%252FHLHE5wWRiAhYsMiC3bleKDSlEVh1h2qonayKl19nfGQFufEehlRUqomj2Ofn0DCAHYJ2o%252BDIqDGXGxKUf8NlZ%252BJk1IoVkmYdO70H3qCDxepqkwX%252BehRLAzj1Arpknl8m%252B0Mp9u76Lt9s3D%252Fi6B52UJqIO1GJ35p%252F4TGfCppwO7rjDPPfNaeIYt4mFQtMLVHG9zCOlXD8AT616l30QIkFpE7RENiFgrshUWlhEeQfwf34bJ0RJ7NqSsYQUL8IOdGJnxDlbrbSq80S0W1P3qegdPnd55BXtR%252FgUUYLxC9oyZmAXIFcx7f5cwAIR8B6tM%252BAbpMo0QqL6vNGQpFFTPLEZB1hJR4KtHzK3YR0%252Fkkd%252Bp%7Ccksum%3A124078917403345f1eb59a2445f4b2bd51998b861fbe%7Campid%3APL_CLK%7Cclp%3A2334524
Kookaburra Ricochet 1000 Cricket Bat,$300.00,https://www.ebay.com/itm/Kookaburra-Ricochet-1000-Cricket-Bat/124040434046?_trkparms=ispr%3D1&hash=item1ce162d17e:g:aZgAAOSwzWFeGB~y&amdata=enc%3AAQAFAAACYBaobrjLl8XobRIiIML1V4Imu%252Fn%252BzU5L90Z278x5ickkp2NA0WuhQytmt4dbStg00NjoqX4EGytJUHThUn9scSZQhIntorXYSZ1essSxf7JwWbbvhbJUlCkvO6EkbsW2u7xm45s%252F7%252B6%252F%252Fok9C3cGd2A0lm2OC73R3aVmTYN23o5lcw0toEGYIMAPXdKBxgnwHGcKYE4VZ7Fa7I436l51SLoKYNNi1V8%252B9qaKWInESNkXZ5l%252Flo5fQf3V5r%252BrdLaJu3xpbs76tcHHCjuH7d6Y77KG72e8MwbyVoSHXxKsBVhppDnL%252BkyFsy4TaPqkQnyCvgnLcQhJ2a49Mij6p2e9OZgtlorFiwn1NftrTqwCGSgJQ9A%252FR7b9N4NZiquHT5kXo9jnLJDpAHC0GVeg5zji6eHe8s0aZcZnqbanOhRsXGMJKT1K8er2nQ0lPwPFrOc0DtSDa6F0kEHM3ZRRwmXe%252FM46lss2tSNaOJwcXc3lLweMBctQ%252BGgnLZC8r4QOkeLhoUUzftoxOVox%252B6r%252B9PcYMYoRRBPojc%252FFaIkL6r3BPr1kbkQj7DVnDu%252Fkwi1LPA51CillisfpEryo%252F2As9n7d%252Ba%252Bz3pIvmkNI%252FU6vBWzWRYHSsAuYsMfb%252FenwwimgN%252FW4y8tArxNfr845%252BaiF9QeryeHE1XrHK3wRQYKb5xCk08GQg32bJnhqMV10PsbMQoK%252F9inM502VRM0praYNRoeZ5C3znnne4qu7P2NLR7AmIFMK80pSJObISVHZtsUpNdCKoPb9Y7M3RgDt9rceUDNTffmYQ5s6ErWszs1WwdwfJGio%7Ccksum%3A124040434046345f1eb59a2445f4b2bd51998b861fbe%7Campid%3APL_CLK%7Cclp%3A2334524
B3 Series 3-Stripe Cricket Bat,$350.00,https://www.ebay.com/itm/B3-Series-3-Stripe-Cricket-Bat/124040344511?_trkparms=ispr%3D1&hash=item1ce16173bf:g:iS0AAOSwAcheGAmi&amdata=enc%3AAQAFAAACYBaobrjLl8XobRIiIML1V4Imu%252Fn%252BzU5L90Z278x5ickkp2NA0WuhQytmt4dbStg00P3PtvlE8ftJ22Na3xjTem5ozna7FL5PVi9GbGZ1Od6YDu%252FXjOXqYi7bE7liTd50XFUy7Uh8Z3ZucQN5v8jP5qHxRG6oto93YbVvcgKr9YUXBghqzCVZrV0CH4cH9urs%252Fzpe0Qv%252FPDJtIV7bp02ARkjkr2V4ZP85VixEJW9WpC5Eu2dT%252F6DP4vaB5gV4c62KPWyW1QAfePPmsDFc8Gpt539hrEYxtN6TeIidzuSOgyn5PLIkcZ3s0qJ4ZQT4amIlSRwizBQIRmZbgFMxECPg9JrnmY3ByEA3Sw2vcj6BjqNxNLzbn5L3G69Yj8yoQOec2mzI6AAxcyLKqBJUyTcRTAD3dba78Wl2ZAyGEIjBG23jg9BOLIAqJ4Q%252BpF7id8BRcOYfdu7H5a6WtKS8NU0WD0uQDqXrLqHn4p%252B0zdgaWXvOfwJwlIJB8q1F5XWpXlhBFIY7EOyvWWu6FtGO2B5welv5EDQQmh%252BpTEnxpxbRCP4FhYWtFGHSds0d7zdRj0CKKN7cN%252BdM%252B0WBuLgiYmXxqNIEkZdQhuaOcUgAy%252BOewtwCCsYEuNyyLmbL7PFgOhET6n%252FEWohVanY2Il89TMtIu3LZPJJ5X26OZny5HBeIXaNYGeMSquf1WP%252BB6AKHN2BhCRVH60H62MdrcAjuMoj93wr6f2zAEZgw%252B9Vmp3UObjTgO4cJXJ%252FtyMrnAj2jKdKfUsWzSpUBZIEPTZOyFDTjWWofLRv6X9J2rOQ4%252BFfA52ir%7Ccksum%3A124040344511345f1eb59a2445f4b2bd51998b861fbe%7Campid%3APL_CLK%7Cclp%3A2334524
B3 2 Stripe Bespoke Cricket Bat,$250.00,https://www.ebay.com/itm/B3-2-Stripe-Bespoke-Cricket-Bat/124039146589?_trkparms=ispr%3D1&hash=item1ce14f2c5d:g:Ar8AAOSwITReFsMT&amdata=enc%3AAQAFAAACYBaobrjLl8XobRIiIML1V4Imu%252Fn%252BzU5L90Z278x5ickkp2NA0WuhQytmt4dbStg00LvsvpH0FiuMDkdeHq2nFDRDYbRKA6%252BNjjzMZAWWKWA00l7JCgkhxDMm7%252FJ2bOi1g2G2NDG1h1mFNoXFV3p8SXpWnkBs5ngLc2u4Vwn0EPv4YBHGxYi25vkvm05zYD7YI2RLjrAr%252BvRnoBVsXfRzyJUoGYopxDSsL2Zj6eP7QlhXow4UItB3i0sKG7rY67ui6XkjLfNxSalhKJRx87QkAh6XyQBX9C2eLPLjSEFEDET8zIa%252BM56oiQVuKIhfFOKs5STg8GiqZQj7%252FfFuIpAdlyKn4lFHu2jzyjb1JMB9i%252FRFFracpmvhniUNXV6EBzXRDYJpT2dqA9Z8nlmh5OLxlWcqo4R4mIKqJskO%252B9OS3nLpdix7GuEIgslLerrkjOiO%252BRwKNyBjuZOnsG3e76A%252FPxkwjP7skmEsolyjbE0U7azOiFytZlDWQylyuk55KonauQAyoq%252Fp%252Fvqcv6XPOAC1QKtmQdjNQczm8fL5dhV%252FplzRwvrlq5Se9yg27TaWO6dQwDMzLTcRIHW%252BXnFk9LZv3387YVU0anqywaW%252FwwZiKzfci3VhECWE%252BWnewAfJuEsetMcTnrFNlqA6%252FHIGh8tUor%252FY9lNgJTmi1Dzb%252BAjF5Eo9dxlFqFFbWhHs9lq%252BTJeow66u5vpB2mn0%252F21GPLXmsnjOh6e0y4Ic2AF4cQudijv2SUQqXKxVRlpODb6L6v2gJcU19T%252FM3HvoTnTGtBCLy%252B0Bx6xaw09Jyfxrw%252BAZ9yHi%7Ccksum%3A124039146589345f1eb59a2445f4b2bd51998b861fbe%7Campid%3APL_CLK%7Cclp%3A2334524
Kookaburra Composite Blade Cricket Bat,$27.99,https://www.ebay.com/itm/Kookaburra-Composite-Blade-Cricket-Bat/143763758171?hash=item2178fcdc5b:g:j4UAAOSwu0BfdMD0
B3 Bespoke 2-Stripe Cricket Bat,$250.00,https://www.ebay.com/itm/B3-Bespoke-2-Stripe-Cricket-Bat/124040436657?_trkparms=ispr%3D1&hash=item1ce162dbb1:g:na8AAOSwhiJeGCBf&amdata=enc%3AAQAFAAACYBaobrjLl8XobRIiIML1V4Imu%252Fn%252BzU5L90Z278x5ickkp2NA0WuhQytmt4dbStg00ExwJUjkAWiYDT4rBaD5OGCC9DliePvhgEgNjkcB21pZCNDyhiqmOLIaeZSwUL7Rpq20A2nxhezF92zvlUKCzn8EkIOzOm8VK6loj4oMYJiWXTzLwi3o8%252FGl5oeBgJSQVk%252BAns0SZdbjVS%252FX%252BvmiHCSRfPxwxQ6rDRzMnQbyhNbcbc5iu4gn1k0l25dzdr2xTrwzHpuP1lh2bodFtUvqecD0%252Bv9g461Wpbwa%252FxNVGByUS8g0FUZ8795ogBMMa0VewyHJYMCPQtjQ%252B5rusVKBtiGxdyDfL312hK6PGVT5cQf9siWa6PCxkA6bo7dQL%252BBzF%252FVGbK7OEP5xnIAcOM6Ppdu41dCnZBuT77PC0zbbIh4IESCl4Pl9NiLrvotsVvaKlqKesV%252BBsvb%252BqtZ4tGy52GYe0noCVtVFevXupw5HdYiUXl33l81FsG%252Fk0hP5NRX4%252Fhzw%252FArBLW66Xgqg9mLFgGWxQZESI7NjLr7FD9dL8L4bW2Bo3ts9lx1%252BfF98mX4BetCgt5nBfjkjfu3rgvJKmHxOmDqvFaQmEgg0CN0oadVzltJWfaJPdwR5ueuqD6pS%252B0rSmVmBNRpcyROaQ1Wmh0FsmJDm4aBWfcHgWm88BDSrKjexnB%252Bt6O149hwH3176SbgK4BrCZ6EvszGY6dfc4ciFcyMLNphgrh8FwoW13B78ab6rMoe04Nkd%252BIfZuObZbADkpkAez1UhNmLbj3%252FDdhaCLCH87xXf8ViiEWpil2Y%252B%7Ccksum%3A124040436657345f1eb59a2445f4b2bd51998b861fbe%7Campid%3APL_CLK%7Cclp%3A2334524
CRICKET BAT STICKER WITH EMBOSS+ CHROME COLOR 2019 Model,$15.99,https://www.ebay.com/itm/CRICKET-BAT-STICKER-WITH-EMBOSS-CHROME-COLOR-2019-Model/254280826123?hash=item3b34517d0b:g:HjYAAOSwk9pdGLL4
English Willow Cricket Bat for Sale,$200.00,https://www.ebay.com/itm/English-Willow-Cricket-Bat-for-Sale/124030581970?hash=item1ce0cc7cd2:g:KVkAAOSwQOpeDWCT
Cricket bat grip(price mentioned for 120 pcs) multi design & multicolour ,$170.00,https://www.ebay.com/itm/Cricket-bat-grip-price-mentioned-for-120-pcs-multi-design-multicolour/373132265282?hash=item56e06a8742:g:654AAOSwTodfHIQb
CA 15000 Cricket Bat,$450.00,https://www.ebay.com/itm/CA-15000-Cricket-Bat/124275332921?hash=item1cef631739:g:xyAAAOSwUGlfBmlC
Grove Royal Maker's Choice Cricket Bat,$450.00,https://www.ebay.com/itm/Grove-Royal-Makers-Choice-Cricket-Bat/124275335096?hash=item1cef631fb8:g:8UIAAOSwbZxfAfjy
CRICKET BAT STICKER WITH EMBOSS+  2020 Model,$12.99,https://www.ebay.com/itm/CRICKET-BAT-STICKER-WITH-EMBOSS-2020-Model/254699313570?hash=item3b4d4319a2:g:xScAAOSwTjpfRPvx
CRICKET BAT STICKER WITH EMBOSS 2019 Model,$9.99,https://www.ebay.com/itm/CRICKET-BAT-STICKER-WITH-EMBOSS-2019-Model/254189814789?hash=item3b2ee4c405:g:j7EAAOSwTwtcp1Z-
CRICKET BAT STICKER WITH EMBOSS,$8.99,https://www.ebay.com/itm/CRICKET-BAT-STICKER-WITH-EMBOSS/253938406093?hash=item3b1fe892cd:g:MRUAAOSwUZNawkrG
Kippax Colossus Cricket Bat,$250.00,https://www.ebay.com/itm/Kippax-Colossus-Cricket-Bat/124041356933?_trkparms=ispr%3D1&hash=item1ce170e685:g:ZigAAOSwNMZeGPcD&amdata=enc%3AAQAFAAACYBaobrjLl8XobRIiIML1V4Imu%252Fn%252BzU5L90Z278x5ickkp2NA0WuhQytmt4dbStg00HqhvgYSpRdVAQNfN3c09cRUc4I4ytTdhFP9an6t4Iq9HKFWjE4%252FEFZ4bMKuvE34qkBOLBAkSt7A6wydESk72V35JESaY0mX0h%252BG9D0D%252FcUtVV6WxJSAfwI2o6WqfzJ3n3GgAQkvfzwHCn7W7nekCbBgyovsC7wm6rFDANB5TRsAkmZkLCreDioan%252BwZufRb9TcX7LTKbOt5gckrP%252FLQwechzVfzTuaFkPJgqAJ4QmaV9B3lOwvOxSr79oLY%252BCHNmpyfPl%252BYN4Kz22eu11kdxowRgsRp6YcaeKjR6aIvzh%252FYT3Nxcrwj2lLUULceuiK0hG4Y3ghoBORzXBt9cms%252FcaqKYpxDsJ9Zv%252BPSMmsVKI3MxohS5NRNe183NxTtGJHMCbkRBrjZd7xElrd7SXg4MjHxd6TVzNy3PYE3OGkpQOTKVRaQ573xB4%252Fpp3Yg8M2jqiRf9llSGuJLSDCcfHlr7yG0R3lt9%252F9Dcfkkxf28FwlD%252Ft8HDGxLpyIFfiVbdSfx1vuwD9ZZ5OCsjknJBAoLDtz782toRH82UeiVKamVkUco2Y5t1%252Bd1KHzHePGqwWJNKmE62IrWr3QXM4Umn66UwW1i21Mxnn3IlbV0oQOIut8XJk8NlK6n1JnlIxSiDWteB3uabnNjzn9uQS8kVINqPZxDN8dB8EwD0nby0scLfOfOIEGYtBVp3WBsRv3egPJXdiTDuVgkB0KQn%252Br00tnI0ICbV%252FPZ30sgbxHV6uyatVu5%7Ccksum%3A124041356933345f1eb59a2445f4b2bd51998b861fbe%7Campid%3APL_CLK%7Cclp%3A2334524
Kookaburra Verve Players Cricket Bat,$300.00,https://www.ebay.com/itm/Kookaburra-Verve-Players-Cricket-Bat/124163427500?_trkparms=ispr%3D1&hash=item1ce8b78cac:g:xHUAAOSw9zxeGAZd&amdata=enc%3AAQAFAAACYBaobrjLl8XobRIiIML1V4Imu%252Fn%252BzU5L90Z278x5ickkp2NA0WuhQytmt4dbStg00LMaWqVUxyNmtrnB1BJ9TiG%252FNuFFAHBlub04I44L4fj7Da9q%252Bcs7eiCPwIaPYWWYqnEojUo31W9nIGtWs0BLXetwJ2UHUd4guZNTu0UYLDRLfsbn6hNAht9lRQ4914qTWD82vZ49e0G2Dz%252FqWSz6BV9Wa5%252FuXpZjFOlkzporG3rUllbsBxvQUFUcTHI6hMX846P5ijU0ZWC1AOUI%252BnKS1BOJl07nNgk7Xrpz9uuzyHasrzzNf52k3F%252B60QuYZtITqVUMZuE2eVE9sJLptI8%252BythPCsywBrMDlOsrlx7VWI1EXtZVKGBIiEgcmIrdJ7nglgjqGkZyVNdoF5KjzTbHHKwwgdmCKoU%252BEdNGPEGXG9LSmkP3M2T3e6KFGcaKuF8KEKCwkrw3617o0js1EXP%252BLRCuoTjucx%252BoASWuiWqaIPCxUZ9cs4M0XfGHZmMd3CyG%252BAeSMY7%252BPIrPnK%252B%252FmrSrhNloh41SNzuGIPCqUeWWVfqKYFal5Fb6u1XineZL5NqWD%252FhXvMuq4%252Fu5w8K8OCfRXmq1I0kyw14WZOJSZ9gTYbGu34SanuO41hIcBM3vNiqgfjxR5Bo8sDW1dLGVNAW97VZf%252B3d%252BM0yCnHNbbd0KkIOBZw9vPt94E6KxvGxH35bS1NYaqTLmOL1U1KMnQ1nMQHYGGzeYwu7Z5vnBmvd6yWqEwu8u%252B9u%252FT6KgLEnj4GYGByjzunmQcsh3iG%252BeMj%252FqBPSkhqAccIbTvLJbbZNS3Q%252F1%7Ccksum%3A124163427500345f1eb59a2445f4b2bd51998b861fbe%7Campid%3APL_CLK%7Cclp%3A2334524
Kookaburra Ricochet 800 Cricket Bat,$200.00,https://www.ebay.com/itm/Kookaburra-Ricochet-800-Cricket-Bat/124163427509?_trkparms=ispr%3D1&hash=item1ce8b78cb5:g:6ZUAAOSwvxBeQZWl&amdata=enc%3AAQAFAAACYBaobrjLl8XobRIiIML1V4Imu%252Fn%252BzU5L90Z278x5ickkp2NA0WuhQytmt4dbStg00AFFay99ciuuMTVhGF53Z4dMXpggL4s5%252FdeJiIEufa%252BS3mxUReNxrT4Y%252FUbXIBp2UmqVjpPlFuL7bvXfMTqaFsn5WELWPQ16VvJS%252FBUnGcBdOPV%252Fbeecl%252Bi%252FzmMXglPyzx3eTziAOWJ4XfNt4wBjNxcHUXWp9Hmilj03EWZCrVMVCPJVDhCdJQVB0rCIRJXZ1HhSsyJrMX9ZWLyEjtGaBfn1guBKksFhAxQ3fUWSGI9vfgAZTx3Bws%252Fj33OUrx9eHHGHlmP%252FxmXR6UqKWA33yyd7sd6MvIg6a03dQVa%252FE05TQD6IrwCz3mB7Ifa0K9eAcFLgcmLXIoeFOc2ErZdfnj6aQeiy1o9LAJWwMIT5oeqMtXcx11Jz7QiZC0hi0t6f237kgZ%252FQ5xkZfZIWadhPFfiLsi9ttC8kHZt5BSiyjrdtM8e7hMeMfNBxMI8pYqUcNntsGv%252BB9CdAEbWqKXx%252BBRz%252BziwUcrtvG%252BOPGzRddkC1hGvccy1FQeSPFYBapOJCWtD%252B%252BIgCSRauT0ee7e3%252FJuvPQ4ECnHqt9uU4FuZSqvdM0LqbnT8mKYUcIUKYwUdU4f7tFRi2w0gvxTP8GG8cmqsdxrxuwTl9UR8mMB0EGQh3izG4z75SU1f2Z3NZv1V1wCny0vSiVz1MHMP5yh%252Fkjp8hxh08o%252BBNfhHK1MW4X1n5WhM7PP4O5HC%252FmQlPuCysJ%252BPK73rTTwSFz4u1YWT0ud5kmRpGM3N8r8RH1LX2k4M8%7Ccksum%3A124163427509345f1eb59a2445f4b2bd51998b861fbe%7Campid%3APL_CLK%7Cclp%3A2334524
Kookaburra Ricochet 1000 Cricket Bat,$250.00,https://www.ebay.com/itm/Kookaburra-Ricochet-1000-Cricket-Bat/124163427497?_trkparms=ispr%3D1&hash=item1ce8b78ca9:g:XDMAAOSwfhVeQZd~&amdata=enc%3AAQAFAAACYBaobrjLl8XobRIiIML1V4Imu%252Fn%252BzU5L90Z278x5ickkp2NA0WuhQytmt4dbStg00F543GB8nn213m62EPJRV7KySUkY9bymQ3hZ%252BOCh2YUEIsHh8DPfNEfVenz1vx71iOBHW4EvmKhoDPldf06okDF27zTu7Y38H3e9RDmVGwJgadul%252FVS9GwuJD2%252F9Y4Sov9uEKZhv4qSKS2SkBFxZ60r0zm6sF7lnSUXnRo3VGJfu1nOmHJ9Xa6HpAZq7BSi46IqMsR2jtQGn3VAXGWO4tY7p1FlfA%252BLBDHDfpMZ5DvrdD%252FyV3hRmt8rzFmp1WUZc32wxEstcM%252FfsvlSsc5V1QR%252Fm3tD4ftfuzbvhl4ewMqEGzmps4l8x6TVjJm7QVF2xWpiHyOp%252FtdScGvDWcAqbMqvxzTj5BXz93pzXK8aik91DY8Jh3FFgPR4hdDuU1tu3es6Po%252BTQ%252BbAh0NfM4bNO35xbypmaxvmqKViRfFfk8Vn1%252FTgIw1urVHNWgM3s8IWpiPuvRWgNgLaNtd0fNSpXVlR9ygEVDLcKk3wlIXmdYPqJ7E25RICmGRvzTO9weWejq6S%252BBD%252BkmXlWc4dz9E7zZDIx2zsYo8U%252BXaNgYhOUTFIuAWGs6MO2mWX1qjT6zRLKBx9oXEw3dpVf03VR07sn%252FEU4pJ4FqqaI5P0ZkqTnac8MQ6JkRF9p2sM98p7meEFk4rn8k86WpQbgtK1ksMhTpq92LflVHjU78hSaSq3wxmWJMZ8avVXEPArGgfDIU%252FVEPymbrOrLOrP7jG46UxpJU071ZX3oIJdwFhys4BrskE7Q%7Ccksum%3A124163427497345f1eb59a2445f4b2bd51998b861fbe%7Campid%3APL_CLK%7Cclp%3A2334524
Antique 1890s Vtg 33.5 Lillywhite Cricket Bat Borough London Club Practice Ball,$175.00,https://www.ebay.com/itm/Antique-1890s-Vtg-33-5-Lillywhite-Cricket-Bat-Borough-London-Club-Practice-Ball/142933634924?hash=item2147822f6c:g:TggAAOSwQJxbcwCY
SPARTAN CHRIS GAYLE AUTHORITY ENGLISH WILLOW CRICKET BAT SH,$439.00,https://www.ebay.com/itm/SPARTAN-CHRIS-GAYLE-AUTHORITY-ENGLISH-WILLOW-CRICKET-BAT-SH/223032715688?hash=item33edc929a8:g:dP0AAOSwc~tbNTXu
CRICKET BAT STICKER WITH EMBOSS+  2020 Model,$12.99,https://www.ebay.com/itm/CRICKET-BAT-STICKER-WITH-EMBOSS-2020-Model/254699314666?hash=item3b4d431dea:g:SdIAAOSw5shfRPyA
Kookaburra Verve 1000 Cricket Bat,$250.00,https://www.ebay.com/itm/Kookaburra-Verve-1000-Cricket-Bat/124256560973?hash=item1cee44a74d:g:qW4AAOSwyEpfCeRd
English Willow Cricket Bat with **SS TON** Decalls,$100.00,https://www.ebay.com/itm/English-Willow-Cricket-Bat-with-SS-TON-Decalls/223068487885?hash=item33efeb00cd:g:PWkAAOSwLNBe2r5x
CRICKET BAT STICKER WITH EMBOSS,$9.99,https://www.ebay.com/itm/CRICKET-BAT-STICKER-WITH-EMBOSS/254227680669?hash=item3b31268d9d:g:UZEAAOSwTvhc1qLE
CRICKET BAT STICKER WITH EMBOSS+  2020 Model,$12.99,https://www.ebay.com/itm/CRICKET-BAT-STICKER-WITH-EMBOSS-2020-Model/254699311141?hash=item3b4d431025:g:-Q8AAOSwZttfRPp2
CRICKET BAT STICKER WITH EMBOSS+ CHROME COLOR 2019 Model,$15.99,https://www.ebay.com/itm/CRICKET-BAT-STICKER-WITH-EMBOSS-CHROME-COLOR-2019-Model/254189828615?hash=item3b2ee4fa07:g:WA4AAOSwSqtcp1oq
CRICKET BAT STICKER WITH EMBOSS,$9.99,https://www.ebay.com/itm/CRICKET-BAT-STICKER-WITH-EMBOSS/254227679418?hash=item3b312688ba:g:iEgAAOSwGURc1qKe
CRICKET BAT STICKER WITH EMBOSS+  Chrome 2020 Model,$15.99,https://www.ebay.com/itm/CRICKET-BAT-STICKER-WITH-EMBOSS-Chrome-2020-Model/254699315362?hash=item3b4d4320a2:g:zwsAAOSw-zdfRPz-
CRICKET BAT STICKER WITH EMBOSS,$9.99,https://www.ebay.com/itm/CRICKET-BAT-STICKER-WITH-EMBOSS/254726419975?hash=item3b4ee0b607:g:h5QAAOSwx~dfad60
TRQSONS High Quality Cricket Bat Grip(Pack of 8),$25.00,https://www.ebay.com/itm/TRQSONS-High-Quality-Cricket-Bat-Grip-Pack-of-8/124336608618?hash=item1cf30a156a:g:RqIAAOSwlWdfXlVd
TRQSONS TennisBall Cricket Bat,$35.00,https://www.ebay.com/itm/TRQSONS-TennisBall-Cricket-Bat/124336666164?hash=item1cf30af634:g:s~kAAOSwn9VfXl8O
CRICKET BAT STICKER WITH EMBOSS 2019 Model,$9.99,https://www.ebay.com/itm/CRICKET-BAT-STICKER-WITH-EMBOSS-2019-Model/254189820258?hash=item3b2ee4d962:g:f5wAAOSw3b9cp1ek
Backyard Cricket Set | Plastic Bat Ball Stumps | Kids Junior Senior Cricket Kit,$62.99,https://www.ebay.com/itm/Backyard-Cricket-Set-Plastic-Bat-Ball-Stumps-Kids-Junior-Senior-Cricket-Kit/142852893654?hash=item2142b22bd6:g:F5oAAOSwlyBd6ngg
"BSC Practice Kashmir Willow Cricket Bat - Rubber Cushioned Handle - 33"" Inch",$29.99,https://www.ebay.com/itm/BSC-Practice-Kashmir-Willow-Cricket-Bat-Rubber-Cushioned-Handle-33-Inch/224195802191?hash=item34331c744f:g:0KQAAOSwB8ZfiNIC
TRQSONS Cricket Softball Bat ,$35.00,https://www.ebay.com/itm/TRQSONS-Cricket-Softball-Bat/124336652165?hash=item1cf30abf85:g:9lYAAOSw2bVfXl3f
 CRICKET BAT STICKER WITH EMBOSS,$9.99,https://www.ebay.com/itm/CRICKET-BAT-STICKER-WITH-EMBOSS/253938405193?hash=item3b1fe88f49:g:3u0AAOSwJABbTznS
CRICKET BAT STICKER WITH EMBOSS 2019 Model,$9.99,https://www.ebay.com/itm/CRICKET-BAT-STICKER-WITH-EMBOSS-2019-Model/254189818600?hash=item3b2ee4d2e8:g:7S4AAOSwf9Rcp1cE
CRICKET BAT STICKER WITH EMBOSS,$8.99,https://www.ebay.com/itm/CRICKET-BAT-STICKER-WITH-EMBOSS/253938405758?hash=item3b1fe8917e:g:Au8AAOSwPqRawjxf
Kookaburra Ricochet Blitz Cricket Bat,$175.00,https://www.ebay.com/itm/Kookaburra-Ricochet-Blitz-Cricket-Bat/124163427505?_trkparms=ispr%3D1&hash=item1ce8b78cb1:g:oj4AAOSw4cFeQZca&amdata=enc%3AAQAFAAACYBaobrjLl8XobRIiIML1V4Imu%252Fn%252BzU5L90Z278x5ickkp2NA0WuhQytmt4dbStg00MY%252BGcGuAUa%252F1Dkq4OXSEJdBTKJOhSv%252BzzarRaGKeGi51QoG1abStORFph6jCSZVJUZEwj0l0Nm4e4xrbdUM7yFEIVMmpz9Eg0G3zUtY0ePkdVKJ70hl6r4qCPCP4p68Yhlk0qnaAHno6P%252FYE%252BNkrF1G%252B8uZp96dGlYiWSJiPsgvJs8K6p7vT%252B5weVBJ1R98s4mP9Ut9nbA%252BXoakWL09lYeSuwiuFuHvsBYeZVlfxkW%252BZ%252Baq5vbHXzD85CE%252Bqvq3r1u%252FUGH9GBUakaecW6HmUddxoZsq6rxqSr4evW5izYsQ7nfFVdRH%252F5eUbOilyl%252B8nyfeeYu%252BdrZlBKNU3Q44GLuR10uEsLUTIY3HzsyRyn9LmyI7%252BroYbIStr4E6uHU%252FBOXW9W9G9fi2WUDgnbvJyKMQqFVMKZAtIJFmI2sdsJ0gEKIFgu2dEZNd9OKnEN5tsfoA9VpQYVPLtCK5w5FR73i2EUbeYrcYbbAqmoaUVhErVfsWZCFz6Ew0p%252BewbLMckGeOjn2RTcXEvEmv56p0JZykGWZ6R8K7JydPvPPHvl35AC9koZ4m94wILqzNIPVM2faTK3OnHXgrzxXAbT4aKhquqEq3o2E0NEK4hXQ3gEJ97XPRHXilKoyW0Gw6E8nqPL3BMXflmlUWcxYpaVCMp0w6s%252BTA%252F1%252B6Au4PTIXjow2bhE7DzMF5%252F3pR7eqX5KXduvrwTVJaL5IldqXK43ZAhBtX6W9kxJSXxPk7YwmMTGTJ%7Ccksum%3A124163427505345f1eb59a2445f4b2bd51998b861fbe%7Campid%3APL_CLK%7Cclp%3A2334524
Cricket Bat Mallet Wooden Pro CBB Knock-in Bat High Quality,$14.95,https://www.ebay.com/itm/Cricket-Bat-Mallet-Wooden-Pro-CBB-Knock-in-Bat-High-Quality/293628092720?_trkparms=ispr%3D1&hash=item445d992130:g:HrsAAOSwaFFfNBtY&amdata=enc%3AAQAFAAACYBaobrjLl8XobRIiIML1V4Imu%252Fn%252BzU5L90Z278x5ickkvjzWOStkxwnlDuxSI1PVVpdA6MOQtLyNyH4S%252B7q396wjoQ%252FQioOKnaCfM52i75LQ47ga82G2Wj0i7DWkSWSsS35KvxShtw1IAtTSZ8uZEf6VjyJ3TcjKJNZYrp2g%252FO1k3t5COjlxcwT0VQqE2Avqb47IAqUZW9s2t1FJxdqXDsLieCelJLoCAIJt36moTiwJdagYgLVmOTiAz4vS6GIUCFiONS0%252F2hVsvIJOkWKwIjtCLtqaDVLFYbY8Lu4g4FZAfkOY6ExMrjZ%252FEbS%252B48jTMdxBa9KWPAstWY8b%252BRC4BwA6T80RJTosMy5qvfzu9Shj7IVFJVeMfbOm7Z%252B3LzwcMVylVlLzqd0DWSPqrlAXyX%252FrpJXfUHbOBsCLK2y8eBcTkyp73smsiQjgVIpdcqO4mJv%252BfMYL0N%252BKTlzdXjNqPuXt6FjyixR4iDxkEw2ooxo7LovkPkz6GAJbGaup%252FDvEfNFoif9C030C535D5PtFQdzaD0vIG6cGTvTfYJyYzAbRzDlnBf%252F69JA7oijL6gjLBoz3%252FZdGfuWQhdjpVY5crKw8rq8%252ByIvVG3EY8Qsr%252Bo%252Bs1koUR2ClkjFClJjzAGBzWwIL2Z0gz12a%252FsXRQlfF1a6OvJ0fLh22xbz%252BuC92%252FKj7CSxOCFuLgox%252Fn3sMkgggqv6RbBTLJtjCnBjMIkdmq7OgMh4NQVmtz35ft7MbkeD9sfH6qUfUTLnolPy5ZHRqEYVJLOuMhw%252BLxzG28PF32vNYgw9wh4t2AbYgjgZzU0lv%7Ccksum%3A293628092720345f1eb59a2445f4b2bd51998b861fbe%7Campid%3APL_CLK%7Cclp%3A2334524
CRICKET BAT STICKER WITH EMBOSS,$9.99,https://www.ebay.com/itm/CRICKET-BAT-STICKER-WITH-EMBOSS/253938407307?hash=item3b1fe8978b:g:NOEAAOSw57BbTzpN
NEW BALANCE TC 1260 ENGLISH WILLOW BAT SH,$399.00,https://www.ebay.com/itm/NEW-BALANCE-TC-1260-ENGLISH-WILLOW-BAT-SH/223032794224?hash=item33edca5c70:g:N-YAAOSwzcpbNA-e
CRICKET BAT STICKER WITH EMBOSS+ CHROME COLOR 2019 Model,$15.99,https://www.ebay.com/itm/CRICKET-BAT-STICKER-WITH-EMBOSS-CHROME-COLOR-2019-Model/254189827524?hash=item3b2ee4f5c4:g:5rUAAOSwZ75cp1ns
 CRICKET BAT STICKER WITH EMBOSS,$14.99,https://www.ebay.com/itm/CRICKET-BAT-STICKER-WITH-EMBOSS/254280827651?hash=item3b34518303:g:f7IAAOSwRaRdGLNK
CRICKET BAT STICKER WITH EMBOSS 2019 Model,$9.99,https://www.ebay.com/itm/CRICKET-BAT-STICKER-WITH-EMBOSS-2019-Model/254189812807?hash=item3b2ee4bc47:g:v1kAAOSwTGBcp1Xs
HX CHAMPION EDITION CRICKET BAT COMPLETE KIT MODEL 2018,$259.00,https://www.ebay.com/itm/HX-CHAMPION-EDITION-CRICKET-BAT-COMPLETE-KIT-MODEL-2018/254197797802?hash=item3b2f5e93aa:g:zhwAAOSw86BcESJD
CRICKET BAT STICKER WITH EMBOSS 2019 Model,$9.99,https://www.ebay.com/itm/CRICKET-BAT-STICKER-WITH-EMBOSS-2019-Model/254189819553?hash=item3b2ee4d6a1:g:0YsAAOSwfeZcp1di
TRQSONS Cricket Bat Grip Cone with Pack of 3 Premium Grips,$25.00,https://www.ebay.com/itm/TRQSONS-Cricket-Bat-Grip-Cone-with-Pack-of-3-Premium-Grips/124336636013?hash=item1cf30a806d:g:T8UAAOSwFK1fXlqQ
NEW BALANCE DC 1080 ENGLISH WILLOW BAT SH ORANGE/BLACK/WHITE,$399.00,https://www.ebay.com/itm/NEW-BALANCE-DC-1080-ENGLISH-WILLOW-BAT-SH-ORANGE-BLACK-WHITE/223032757531?hash=item33edc9cd1b:g:PXgAAOSw7mpbNBP0
SPARTAN EM STEEL 216 ENGLISH WILLOW CRICKET BAT SH,$299.00,https://www.ebay.com/itm/SPARTAN-EM-STEEL-216-ENGLISH-WILLOW-CRICKET-BAT-SH/223043694198?hash=item33ee70ae76:g:d7AAAOSwo8pbO7Cn
TRQSONS Cricket Softball Bat 55mm,$35.00,https://www.ebay.com/itm/TRQSONS-Cricket-Softball-Bat-55mm/124351215474?hash=item1cf3e8f772:g:rY8AAOSwEUJfbNzq
CRICKET BAT STICKER WITH EMBOSS+ CHROME COLOR 2019 Model,$15.99,https://www.ebay.com/itm/CRICKET-BAT-STICKER-WITH-EMBOSS-CHROME-COLOR-2019-Model/254189832986?hash=item3b2ee50b1a:g:f~AAAOSwOWpcp1sn
CRICKET BAT STICKER WITH EMBOSS+  2020 Model,$12.99,https://www.ebay.com/itm/CRICKET-BAT-STICKER-WITH-EMBOSS-2020-Model/254699314922?hash=item3b4d431eea:g:bhgAAOSwJnRfRPy3
CRICKET BAT STICKER WITH EMBOSS+ CHROME COLOR 2019 Model,$15.99,https://www.ebay.com/itm/CRICKET-BAT-STICKER-WITH-EMBOSS-CHROME-COLOR-2019-Model/254189825737?hash=item3b2ee4eec9:g:oFYAAOSw3Hpcp1kg
CRICKET BAT STICKER WITH EMBOSS+  2020 Model,$12.99,https://www.ebay.com/itm/CRICKET-BAT-STICKER-WITH-EMBOSS-2020-Model/254699314395?hash=item3b4d431cdb:g:WBUAAOSwOKVfRPxO
SPARTAN SVR KING ENGLISH WILLOW CRICKET BAT SH,$359.00,https://www.ebay.com/itm/SPARTAN-SVR-KING-ENGLISH-WILLOW-CRICKET-BAT-SH/223032775189?hash=item33edca1215:g:SK0AAOSwqWNbNBOM
KCM Karmsom selected willow cricket bat,$95.00,https://www.ebay.com/itm/KCM-Karmsom-selected-willow-cricket-bat/252064812374?hash=item3ab03bcd56:g:UKAAAOSwyQtVzfMC
IHSAN Lynx X 1 English Willow Bat SH,$339.00,https://www.ebay.com/itm/IHSAN-Lynx-X-1-English-Willow-Bat-SH/223032699511?hash=item33edc8ea77:g:hw8AAOSwaYVbNTpB
45-50 MM BIG EDGES MONSTER PROFILE BATS | SINGLE BLADE SHORT HANDEL,$149.00,https://www.ebay.com/itm/45-50-MM-BIG-EDGES-MONSTER-PROFILE-BATS-SINGLE-BLADE-SHORT-HANDEL/283997711898?hash=item421f952e1a:g:e1gAAOSw3rFfT4Jt
 CRICKET BAT STICKER WITH EMBOSS,$9.99,https://www.ebay.com/itm/CRICKET-BAT-STICKER-WITH-EMBOSS/254175614232?hash=item3b2e0c1518:g:knoAAOSw1qtbTzp7
CRICKET BAT STICKER WITH EMBOSS+ CHROME COLOR 2019 Model,$15.99,https://www.ebay.com/itm/CRICKET-BAT-STICKER-WITH-EMBOSS-CHROME-COLOR-2019-Model/254280823866?hash=item3b3451743a:g:ng8AAOSwctddGLJW
Cricket Bat Mallet And Grip Cone Combo Knock in Bat Apply Grip,$24.95,https://www.ebay.com/itm/Cricket-Bat-Mallet-And-Grip-Cone-Combo-Knock-in-Bat-Apply-Grip/293628086156?_trkparms=ispr%3D1&hash=item445d99078c:g:lDgAAOSw7lxfVaX4&amdata=enc%3AAQAFAAACYBaobrjLl8XobRIiIML1V4Imu%252Fn%252BzU5L90Z278x5ickkvjzWOStkxwnlDuxSI1PVVgPArKK6TH2iuiRKAni%252F4creE61VPBWL%252F510deaNLhyKXnZyYprRiidIz7dbTgBtQbKjp5ucyt8thRTnUFursqlwxoYLAcGz6oGzRmgD5jTRKdEeZE8CfOt8%252F7pFQfpoWQzsVkMqCEI9EB8vFE3eG6f8nKmFWtpOqLnejgkOsIg1H0XH%252BMJaNPxNSg7T5MRmmCUQpcDqT74FFuCgB5YN4IvOdz95Sau72f1MlZPS%252BuKzsQsJOq4ZfdngKiDQmLWBkhMkpoiUDfvQ8Y%252FutdjBi%252BaizS%252FaKeTXP%252BybKFLRCUmutAf9OASzg7wcdDTfG63j91NfIIkQk81Fz5jNLmLvSR1UUEgCL7HZYFGelrlb5L0MDIl5tHO%252FvpVsU%252B5mi3SRL5jRonAW8GBbsue3elfpVXmOXq1OUAfTR%252B%252F9WFvc3AjWnQeyzYnPq99XFsETmbleszNipZF0eJE0f4GJZybHIZBRBeGgsYKqS5OCWcRfvHs0i1%252FCu9fwEvTUVO3CQH6TK%252Fb20JfO%252FOf9iHZGLgs5sK4padTnRrgjBSSgcx18ObkvelUHuBMkfUwCOBVO2Ad0LH29KiR1t4hMaK%252F5wklp%252FrBkMJGvHSs%252Fy%252BNsGS4ZkHAa6nUkgtab4XSPBMibIhFYEkYixFJL2DGDLqbL2rXorIk28nUCk3mjVdXYk4pQykSueS9peDQINP9WTs9vEhrLcQm0RyMU5zQSqXQysTth5VOC%252B7t98vwEQb5F0awImoZf%7Ccksum%3A293628086156345f1eb59a2445f4b2bd51998b861fbe%7Campid%3APL_CLK%7Cclp%3A2334524
CA SM-18 7 Stars English Willow Bat SH,$425.00,https://www.ebay.com/itm/CA-SM-18-7-Stars-English-Willow-Bat-SH/223032795390?_trkparms=ispr%3D1&hash=item33edca60fe:g:bf0AAOSw5IFbNA9D&amdata=enc%3AAQAFAAACYBaobrjLl8XobRIiIML1V4Imu%252Fn%252BzU5L90Z278x5ickkgCVySCgrNFPU8Iu85TabMH%252Fva9Apz2WoUaFjVOmLayqSOGMFCDIDm4odoFseTMzChK0s8aoo6EUbr%252BFHdbt8VOtUrvkWiLi%252Baie2GO%252FUcR6j8slsR9M%252BzsHq0MkYiHyDcNwBYe%252FVNt4ZUbW2DywRjFcrZGnnAsj3nlA0LYhUjISY%252Fr590d9mgiR91AxQeJaTspoPvATMet1lc0TQK8DJESSDRGfT2ffyeaxaGU1tvCWzrG1Gx8e5Gub1tMVz8YvKo2ezZpZR2qhjCKDWBfIxxRDJdnbsm5DCWxzDhV1tL9FUBP063mnyRt10SDmeDTIyN%252Bdx%252BUBHE0zFgbO5z1aIw%252BYy9vHwvjBE4j8ydZABXMEZHoBA8cm4gztgtVUiM0k0lEk4cMQfrbMM1r5VfMZtFhB1ymK3FdyAOE2a21829zjnKWVWfglJ5wArxXJFlbF0IPG6bGV3RWZE%252F4Xbr4MXkPuJZ8ash2VAUT3XfafjVsNCMvKYXnknXAKas%252FZPLt%252BA5Lz6Sd0tmJzYOox4Fn6Bg%252Fo6PmhJMSvHFObcRsJ29bkuur3zubSK818l1g%252BN9RTOUk%252FJwg36S5gTosUpEqenxDtIQFRwdMEGyYw5%252BCti1jLRrYAuZWz7FV65b73r9hvwOgANy4X4EavhjNGU0ad3D4VZWNYn1FHxbmq6ssYSjYStBQsSD%252BNXGEKroiMjj2Wx7OGxdrdL18r7S60GgRA%252BT7p%252FPEokdGXPGP6KEAsrFMQthd%252BTgCpi2iYTcqMeDdLC%7Ccksum%3A223032795390345f1eb59a2445f4b2bd51998b861fbe%7Campid%3APL_CLK%7Cclp%3A2334524
